,Date,Visitor Team,Visitor Pts,Home Team,Home Pts
0,Tue Oct 22 2019,New Orleans Pelicans,122,Toronto Raptors,130
1,Tue Oct 22 2019,Los Angeles Lakers,102,Los Angeles Clippers,112
2,Wed Oct 23 2019,Chicago Bulls,125,Charlotte Hornets,126
3,Wed Oct 23 2019,Detroit Pistons,119,Indiana Pacers,110
4,Wed Oct 23 2019,Cleveland Cavaliers,85,Orlando Magic,94
5,Wed Oct 23 2019,Minnesota Timberwolves,127,Brooklyn Nets,126
6,Wed Oct 23 2019,Memphis Grizzlies,101,Miami Heat,120
7,Wed Oct 23 2019,Boston Celtics,93,Philadelphia 76ers,107
8,Wed Oct 23 2019,Washington Wizards,100,Dallas Mavericks,108
9,Wed Oct 23 2019,New York Knicks,111,San Antonio Spurs,120
10,Wed Oct 23 2019,Oklahoma City Thunder,95,Utah Jazz,100
11,Wed Oct 23 2019,Sacramento Kings,95,Phoenix Suns,124
12,Wed Oct 23 2019,Denver Nuggets,108,Portland Trail Blazers,100
13,Thu Oct 24 2019,Atlanta Hawks,117,Detroit Pistons,100
14,Thu Oct 24 2019,Milwaukee Bucks,117,Houston Rockets,111
15,Thu Oct 24 2019,Los Angeles Clippers,141,Golden State Warriors,122
16,Fri Oct 25 2019,Toronto Raptors,106,Boston Celtics,112
17,Fri Oct 25 2019,Minnesota Timberwolves,121,Charlotte Hornets,99
18,Fri Oct 25 2019,New York Knicks,109,Brooklyn Nets,113
19,Fri Oct 25 2019,Chicago Bulls,110,Memphis Grizzlies,102
20,Fri Oct 25 2019,Dallas Mavericks,123,New Orleans Pelicans,116
21,Fri Oct 25 2019,Washington Wizards,97,Oklahoma City Thunder,85
22,Fri Oct 25 2019,Phoenix Suns,107,Denver Nuggets,108
23,Fri Oct 25 2019,Portland Trail Blazers,122,Sacramento Kings,112
24,Fri Oct 25 2019,Utah Jazz,86,Los Angeles Lakers,95
25,Sat Oct 26 2019,Miami Heat,131,Milwaukee Bucks,126
26,Sat Oct 26 2019,Philadelphia 76ers,117,Detroit Pistons,111
27,Sat Oct 26 2019,Orlando Magic,99,Atlanta Hawks,103
28,Sat Oct 26 2019,Boston Celtics,118,New York Knicks,95
29,Sat Oct 26 2019,Toronto Raptors,108,Chicago Bulls,84
30,Sat Oct 26 2019,Indiana Pacers,99,Cleveland Cavaliers,110
31,Sat Oct 26 2019,New Orleans Pelicans,123,Houston Rockets,126
32,Sat Oct 26 2019,Washington Wizards,122,San Antonio Spurs,124
33,Sat Oct 26 2019,Sacramento Kings,81,Utah Jazz,113
34,Sat Oct 26 2019,Los Angeles Clippers,122,Phoenix Suns,130
35,Sun Oct 27 2019,Golden State Warriors,92,Oklahoma City Thunder,120
36,Sun Oct 27 2019,Brooklyn Nets,133,Memphis Grizzlies,134
37,Sun Oct 27 2019,Portland Trail Blazers,121,Dallas Mavericks,119
38,Sun Oct 27 2019,Miami Heat,109,Minnesota Timberwolves,116
39,Sun Oct 27 2019,Charlotte Hornets,101,Los Angeles Lakers,120
40,Mon Oct 28 2019,Chicago Bulls,98,New York Knicks,105
41,Mon Oct 28 2019,Indiana Pacers,94,Detroit Pistons,96
42,Mon Oct 28 2019,Orlando Magic,95,Toronto Raptors,104
43,Mon Oct 28 2019,Philadelphia 76ers,105,Atlanta Hawks,103
44,Mon Oct 28 2019,Oklahoma City Thunder,112,Houston Rockets,116
45,Mon Oct 28 2019,Cleveland Cavaliers,112,Milwaukee Bucks,129
46,Mon Oct 28 2019,Golden State Warriors,134,New Orleans Pelicans,123
47,Mon Oct 28 2019,Portland Trail Blazers,110,San Antonio Spurs,113
48,Mon Oct 28 2019,Utah Jazz,96,Phoenix Suns,95
49,Mon Oct 28 2019,Denver Nuggets,101,Sacramento Kings,94
50,Mon Oct 28 2019,Charlotte Hornets,96,Los Angeles Clippers,111
51,Tue Oct 29 2019,Atlanta Hawks,97,Miami Heat,112
52,Tue Oct 29 2019,Dallas Mavericks,109,Denver Nuggets,106
53,Tue Oct 29 2019,Memphis Grizzlies,91,Los Angeles Lakers,120
54,Wed Oct 30 2019,Chicago Bulls,111,Cleveland Cavaliers,117
55,Wed Oct 30 2019,New York Knicks,83,Orlando Magic,95
56,Wed Oct 30 2019,Minnesota Timberwolves,95,Philadelphia 76ers,117
57,Wed Oct 30 2019,Milwaukee Bucks,105,Boston Celtics,116
58,Wed Oct 30 2019,Indiana Pacers,118,Brooklyn Nets,108
59,Wed Oct 30 2019,Detroit Pistons,113,Toronto Raptors,125
60,Wed Oct 30 2019,Portland Trail Blazers,102,Oklahoma City Thunder,99
61,Wed Oct 30 2019,Houston Rockets,159,Washington Wizards,158
62,Wed Oct 30 2019,Charlotte Hornets,118,Sacramento Kings,111
63,Wed Oct 30 2019,Los Angeles Clippers,96,Utah Jazz,110
64,Wed Oct 30 2019,Phoenix Suns,121,Golden State Warriors,110
65,Thu Oct 31 2019,Miami Heat,106,Atlanta Hawks,97
66,Thu Oct 31 2019,Denver Nuggets,107,New Orleans Pelicans,122
67,Thu Oct 31 2019,San Antonio Spurs,97,Los Angeles Clippers,103
68,Fri Nov 1 2019,Houston Rockets,116,Brooklyn Nets,123
69,Fri Nov 1 2019,Cleveland Cavaliers,95,Indiana Pacers,102
70,Fri Nov 1 2019,Milwaukee Bucks,123,Orlando Magic,91
71,Fri Nov 1 2019,New York Knicks,102,Boston Celtics,104
72,Fri Nov 1 2019,Detroit Pistons,106,Chicago Bulls,112
73,Fri Nov 1 2019,Los Angeles Lakers,119,Dallas Mavericks,110
74,Fri Nov 1 2019,Utah Jazz,101,Sacramento Kings,102
75,Fri Nov 1 2019,San Antonio Spurs,127,Golden State Warriors,110
76,Sat Nov 2 2019,New Orleans Pelicans,104,Oklahoma City Thunder,115
77,Sat Nov 2 2019,Brooklyn Nets,109,Detroit Pistons,113
78,Sat Nov 2 2019,Denver Nuggets,91,Orlando Magic,87
79,Sat Nov 2 2019,Phoenix Suns,114,Memphis Grizzlies,105
80,Sat Nov 2 2019,Toronto Raptors,105,Milwaukee Bucks,115
81,Sat Nov 2 2019,Minnesota Timberwolves,131,Washington Wizards,109
82,Sat Nov 2 2019,Charlotte Hornets,93,Golden State Warriors,87
83,Sat Nov 2 2019,Philadelphia 76ers,129,Portland Trail Blazers,128
84,Sun Nov 3 2019,Chicago Bulls,95,Indiana Pacers,108
85,Sun Nov 3 2019,Houston Rockets,100,Miami Heat,129
86,Sun Nov 3 2019,Sacramento Kings,113,New York Knicks,92
87,Sun Nov 3 2019,Los Angeles Lakers,103,San Antonio Spurs,96
88,Sun Nov 3 2019,Dallas Mavericks,131,Cleveland Cavaliers,111
89,Sun Nov 3 2019,Utah Jazz,94,Los Angeles Clippers,105
90,Mon Nov 4 2019,Detroit Pistons,99,Washington Wizards,115
91,Mon Nov 4 2019,New Orleans Pelicans,125,Brooklyn Nets,135
92,Mon Nov 4 2019,Houston Rockets,107,Memphis Grizzlies,100
93,Mon Nov 4 2019,Milwaukee Bucks,134,Minnesota Timberwolves,106
94,Mon Nov 4 2019,Philadelphia 76ers,109,Phoenix Suns,114
95,Mon Nov 4 2019,Portland Trail Blazers,118,Golden State Warriors,127
96,Tue Nov 5 2019,Indiana Pacers,120,Charlotte Hornets,122
97,Tue Nov 5 2019,Boston Celtics,119,Cleveland Cavaliers,113
98,Tue Nov 5 2019,San Antonio Spurs,100,Atlanta Hawks,108
99,Tue Nov 5 2019,Los Angeles Lakers,118,Chicago Bulls,112
100,Tue Nov 5 2019,Orlando Magic,94,Oklahoma City Thunder,102
101,Tue Nov 5 2019,Miami Heat,89,Denver Nuggets,109
102,Wed Nov 6 2019,New York Knicks,102,Detroit Pistons,122
103,Wed Nov 6 2019,Washington Wizards,106,Indiana Pacers,121
104,Wed Nov 6 2019,Chicago Bulls,113,Atlanta Hawks,93
105,Wed Nov 6 2019,Golden State Warriors,112,Houston Rockets,129
106,Wed Nov 6 2019,Sacramento Kings,120,Toronto Raptors,124
107,Wed Nov 6 2019,Minnesota Timberwolves,121,Memphis Grizzlies,137
108,Wed Nov 6 2019,Orlando Magic,106,Dallas Mavericks,107
109,Wed Nov 6 2019,Philadelphia 76ers,104,Utah Jazz,106
110,Wed Nov 6 2019,Milwaukee Bucks,129,Los Angeles Clippers,124
111,Thu Nov 7 2019,Boston Celtics,108,Charlotte Hornets,87
112,Thu Nov 7 2019,Oklahoma City Thunder,112,San Antonio Spurs,121
113,Thu Nov 7 2019,Miami Heat,124,Phoenix Suns,108
114,Thu Nov 7 2019,Portland Trail Blazers,101,Los Angeles Clippers,107
115,Fri Nov 8 2019,Detroit Pistons,106,Indiana Pacers,112
116,Fri Nov 8 2019,Memphis Grizzlies,86,Orlando Magic,118
117,Fri Nov 8 2019,Cleveland Cavaliers,113,Washington Wizards,100
118,Fri Nov 8 2019,Sacramento Kings,121,Atlanta Hawks,109
119,Fri Nov 8 2019,Golden State Warriors,119,Minnesota Timberwolves,125
120,Fri Nov 8 2019,Toronto Raptors,122,New Orleans Pelicans,104
121,Fri Nov 8 2019,New York Knicks,106,Dallas Mavericks,102
122,Fri Nov 8 2019,Philadelphia 76ers,97,Denver Nuggets,100
123,Fri Nov 8 2019,Milwaukee Bucks,100,Utah Jazz,103
124,Fri Nov 8 2019,Brooklyn Nets,119,Portland Trail Blazers,115
125,Fri Nov 8 2019,Miami Heat,80,Los Angeles Lakers,95
126,Sat Nov 9 2019,Boston Celtics,135,San Antonio Spurs,115
127,Sat Nov 9 2019,New Orleans Pelicans,115,Charlotte Hornets,110
128,Sat Nov 9 2019,Houston Rockets,117,Chicago Bulls,94
129,Sat Nov 9 2019,Dallas Mavericks,138,Memphis Grizzlies,122
130,Sat Nov 9 2019,Golden State Warriors,108,Oklahoma City Thunder,114
131,Sun Nov 10 2019,Denver Nuggets,100,Minnesota Timberwolves,98
132,Sun Nov 10 2019,Indiana Pacers,109,Orlando Magic,102
133,Sun Nov 10 2019,Charlotte Hornets,106,Philadelphia 76ers,114
134,Sun Nov 10 2019,Milwaukee Bucks,121,Oklahoma City Thunder,119
135,Sun Nov 10 2019,Cleveland Cavaliers,108,New York Knicks,87
136,Sun Nov 10 2019,Brooklyn Nets,112,Phoenix Suns,138
137,Sun Nov 10 2019,Atlanta Hawks,113,Portland Trail Blazers,124
138,Sun Nov 10 2019,Toronto Raptors,113,Los Angeles Lakers,104
139,Mon Nov 11 2019,Minnesota Timberwolves,120,Detroit Pistons,114
140,Mon Nov 11 2019,Dallas Mavericks,106,Boston Celtics,116
141,Mon Nov 11 2019,Memphis Grizzlies,113,San Antonio Spurs,109
142,Mon Nov 11 2019,Houston Rockets,122,New Orleans Pelicans,116
143,Mon Nov 11 2019,Utah Jazz,122,Golden State Warriors,108
144,Mon Nov 11 2019,Toronto Raptors,88,Los Angeles Clippers,98
145,Tue Nov 12 2019,Oklahoma City Thunder,85,Indiana Pacers,111
146,Tue Nov 12 2019,Cleveland Cavaliers,97,Philadelphia 76ers,98
147,Tue Nov 12 2019,Detroit Pistons,108,Miami Heat,117
148,Tue Nov 12 2019,New York Knicks,102,Chicago Bulls,120
149,Tue Nov 12 2019,Atlanta Hawks,125,Denver Nuggets,121
150,Tue Nov 12 2019,Los Angeles Lakers,123,Phoenix Suns,115
151,Tue Nov 12 2019,Brooklyn Nets,114,Utah Jazz,119
152,Tue Nov 12 2019,Portland Trail Blazers,99,Sacramento Kings,107
153,Wed Nov 13 2019,Memphis Grizzlies,119,Charlotte Hornets,117
154,Wed Nov 13 2019,Philadelphia 76ers,97,Orlando Magic,112
155,Wed Nov 13 2019,Washington Wizards,133,Boston Celtics,140
156,Wed Nov 13 2019,Los Angeles Clippers,93,Houston Rockets,102
157,Wed Nov 13 2019,San Antonio Spurs,114,Minnesota Timberwolves,129
158,Wed Nov 13 2019,Golden State Warriors,94,Los Angeles Lakers,120
159,Wed Nov 13 2019,Toronto Raptors,114,Portland Trail Blazers,106
160,Thu Nov 14 2019,Miami Heat,108,Cleveland Cavaliers,97
161,Thu Nov 14 2019,Chicago Bulls,115,Milwaukee Bucks,124
162,Thu Nov 14 2019,Los Angeles Clippers,127,New Orleans Pelicans,132
163,Thu Nov 14 2019,Dallas Mavericks,103,New York Knicks,106
164,Thu Nov 14 2019,Atlanta Hawks,112,Phoenix Suns,128
165,Thu Nov 14 2019,Brooklyn Nets,93,Denver Nuggets,101
166,Fri Nov 15 2019,Detroit Pistons,106,Charlotte Hornets,109
167,Fri Nov 15 2019,San Antonio Spurs,109,Orlando Magic,111
168,Fri Nov 15 2019,Indiana Pacers,102,Houston Rockets,111
169,Fri Nov 15 2019,Utah Jazz,106,Memphis Grizzlies,107
170,Fri Nov 15 2019,Washington Wizards,137,Minnesota Timberwolves,116
171,Fri Nov 15 2019,Philadelphia 76ers,119,Oklahoma City Thunder,127
172,Fri Nov 15 2019,Boston Celtics,105,Golden State Warriors,100
173,Fri Nov 15 2019,Sacramento Kings,97,Los Angeles Lakers,99
174,Sat Nov 16 2019,Brooklyn Nets,117,Chicago Bulls,111
175,Sat Nov 16 2019,Milwaukee Bucks,102,Indiana Pacers,83
176,Sat Nov 16 2019,Charlotte Hornets,103,New York Knicks,102
177,Sat Nov 16 2019,New Orleans Pelicans,94,Miami Heat,109
178,Sat Nov 16 2019,Houston Rockets,125,Minnesota Timberwolves,105
179,Sat Nov 16 2019,Toronto Raptors,102,Dallas Mavericks,110
180,Sat Nov 16 2019,Portland Trail Blazers,121,San Antonio Spurs,116
181,Sat Nov 16 2019,Atlanta Hawks,101,Los Angeles Clippers,150
182,Sun Nov 17 2019,Philadelphia 76ers,114,Cleveland Cavaliers,95
183,Sun Nov 17 2019,Boston Celtics,99,Sacramento Kings,100
184,Sun Nov 17 2019,Denver Nuggets,131,Memphis Grizzlies,114
185,Sun Nov 17 2019,Washington Wizards,121,Orlando Magic,125
186,Sun Nov 17 2019,Golden State Warriors,100,New Orleans Pelicans,108
187,Sun Nov 17 2019,Atlanta Hawks,101,Los Angeles Lakers,122
188,Mon Nov 18 2019,Cleveland Cavaliers,105,New York Knicks,123
189,Mon Nov 18 2019,Indiana Pacers,115,Brooklyn Nets,86
190,Mon Nov 18 2019,Charlotte Hornets,96,Toronto Raptors,132
191,Mon Nov 18 2019,Milwaukee Bucks,115,Chicago Bulls,101
192,Mon Nov 18 2019,Portland Trail Blazers,108,Houston Rockets,132
193,Mon Nov 18 2019,San Antonio Spurs,110,Dallas Mavericks,117
194,Mon Nov 18 2019,Boston Celtics,99,Phoenix Suns,85
195,Mon Nov 18 2019,Minnesota Timberwolves,112,Utah Jazz,102
196,Mon Nov 18 2019,Oklahoma City Thunder,88,Los Angeles Clippers,90
197,Tue Nov 19 2019,Golden State Warriors,114,Memphis Grizzlies,95
198,Tue Nov 19 2019,Portland Trail Blazers,104,New Orleans Pelicans,115
199,Tue Nov 19 2019,Phoenix Suns,116,Sacramento Kings,120
200,Tue Nov 19 2019,Oklahoma City Thunder,107,Los Angeles Lakers,112
201,Wed Nov 20 2019,New York Knicks,104,Philadelphia 76ers,109
202,Wed Nov 20 2019,San Antonio Spurs,132,Washington Wizards,138
203,Wed Nov 20 2019,Milwaukee Bucks,135,Atlanta Hawks,127
204,Wed Nov 20 2019,Charlotte Hornets,91,Brooklyn Nets,101
205,Wed Nov 20 2019,Golden State Warriors,94,Dallas Mavericks,142
206,Wed Nov 20 2019,Cleveland Cavaliers,100,Miami Heat,124
207,Wed Nov 20 2019,Orlando Magic,97,Toronto Raptors,113
208,Wed Nov 20 2019,Detroit Pistons,89,Chicago Bulls,109
209,Wed Nov 20 2019,Utah Jazz,103,Minnesota Timberwolves,95
210,Wed Nov 20 2019,Houston Rockets,95,Denver Nuggets,105
211,Wed Nov 20 2019,Boston Celtics,104,Los Angeles Clippers,107
212,Thu Nov 21 2019,Portland Trail Blazers,129,Milwaukee Bucks,137
213,Thu Nov 21 2019,New Orleans Pelicans,124,Phoenix Suns,121
214,Fri Nov 22 2019,Atlanta Hawks,103,Detroit Pistons,128
215,Fri Nov 22 2019,Charlotte Hornets,118,Washington Wizards,125
216,Fri Nov 22 2019,Sacramento Kings,97,Brooklyn Nets,116
217,Fri Nov 22 2019,Miami Heat,116,Chicago Bulls,108
218,Fri Nov 22 2019,Los Angeles Lakers,130,Oklahoma City Thunder,127
219,Fri Nov 22 2019,San Antonio Spurs,104,Philadelphia 76ers,115
220,Fri Nov 22 2019,Cleveland Cavaliers,101,Dallas Mavericks,143
221,Fri Nov 22 2019,Boston Celtics,92,Denver Nuggets,96
222,Fri Nov 22 2019,Golden State Warriors,109,Utah Jazz,113
223,Fri Nov 22 2019,Houston Rockets,119,Los Angeles Clippers,122
224,Sat Nov 23 2019,Phoenix Suns,100,Minnesota Timberwolves,98
225,Sat Nov 23 2019,Chicago Bulls,116,Charlotte Hornets,115
226,Sat Nov 23 2019,Orlando Magic,106,Indiana Pacers,111
227,Sat Nov 23 2019,Toronto Raptors,119,Atlanta Hawks,116
228,Sat Nov 23 2019,San Antonio Spurs,111,New York Knicks,104
229,Sat Nov 23 2019,Miami Heat,86,Philadelphia 76ers,113
230,Sat Nov 23 2019,Portland Trail Blazers,104,Cleveland Cavaliers,110
231,Sat Nov 23 2019,Los Angeles Lakers,109,Memphis Grizzlies,108
232,Sat Nov 23 2019,Detroit Pistons,90,Milwaukee Bucks,104
233,Sat Nov 23 2019,New Orleans Pelicans,120,Utah Jazz,128
234,Sun Nov 24 2019,Dallas Mavericks,137,Houston Rockets,123
235,Sun Nov 24 2019,Brooklyn Nets,103,New York Knicks,101
236,Sun Nov 24 2019,Sacramento Kings,113,Washington Wizards,106
237,Sun Nov 24 2019,Phoenix Suns,104,Denver Nuggets,116
238,Sun Nov 24 2019,New Orleans Pelicans,109,Los Angeles Clippers,134
239,Mon Nov 25 2019,Brooklyn Nets,108,Cleveland Cavaliers,106
240,Mon Nov 25 2019,Orlando Magic,88,Detroit Pistons,103
241,Mon Nov 25 2019,Memphis Grizzlies,114,Indiana Pacers,126
242,Mon Nov 25 2019,Minnesota Timberwolves,125,Atlanta Hawks,113
243,Mon Nov 25 2019,Sacramento Kings,102,Boston Celtics,103
244,Mon Nov 25 2019,Charlotte Hornets,100,Miami Heat,117
245,Mon Nov 25 2019,Philadelphia 76ers,96,Toronto Raptors,101
246,Mon Nov 25 2019,Portland Trail Blazers,117,Chicago Bulls,94
247,Mon Nov 25 2019,Utah Jazz,118,Milwaukee Bucks,122
248,Mon Nov 25 2019,Los Angeles Lakers,114,San Antonio Spurs,104
249,Mon Nov 25 2019,Oklahoma City Thunder,100,Golden State Warriors,97
250,Tue Nov 26 2019,Los Angeles Clippers,114,Dallas Mavericks,99
251,Tue Nov 26 2019,Washington Wizards,104,Denver Nuggets,117
252,Wed Nov 27 2019,Brooklyn Nets,110,Boston Celtics,121
253,Wed Nov 27 2019,Detroit Pistons,101,Charlotte Hornets,102
254,Wed Nov 27 2019,Orlando Magic,116,Cleveland Cavaliers,104
255,Wed Nov 27 2019,Utah Jazz,102,Indiana Pacers,121
256,Wed Nov 27 2019,Sacramento Kings,91,Philadelphia 76ers,97
257,Wed Nov 27 2019,New York Knicks,98,Toronto Raptors,126
258,Wed Nov 27 2019,Miami Heat,108,Houston Rockets,117
259,Wed Nov 27 2019,Los Angeles Clippers,121,Memphis Grizzlies,119
260,Wed Nov 27 2019,Atlanta Hawks,102,Milwaukee Bucks,111
261,Wed Nov 27 2019,Minnesota Timberwolves,113,San Antonio Spurs,101
262,Wed Nov 27 2019,Washington Wizards,140,Phoenix Suns,132
263,Wed Nov 27 2019,Los Angeles Lakers,114,New Orleans Pelicans,110
264,Wed Nov 27 2019,Oklahoma City Thunder,119,Portland Trail Blazers,136
265,Wed Nov 27 2019,Chicago Bulls,90,Golden State Warriors,104
266,Fri Nov 29 2019,Boston Celtics,107,Brooklyn Nets,112
267,Fri Nov 29 2019,Charlotte Hornets,110,Detroit Pistons,107
268,Fri Nov 29 2019,Toronto Raptors,90,Orlando Magic,83
269,Fri Nov 29 2019,Milwaukee Bucks,119,Cleveland Cavaliers,110
270,Fri Nov 29 2019,Philadelphia 76ers,101,New York Knicks,95
271,Fri Nov 29 2019,Atlanta Hawks,104,Indiana Pacers,105
272,Fri Nov 29 2019,Utah Jazz,103,Memphis Grizzlies,94
273,Fri Nov 29 2019,Golden State Warriors,105,Miami Heat,122
274,Fri Nov 29 2019,New Orleans Pelicans,104,Oklahoma City Thunder,109
275,Fri Nov 29 2019,Los Angeles Clippers,97,San Antonio Spurs,107
276,Fri Nov 29 2019,Dallas Mavericks,120,Phoenix Suns,113
277,Fri Nov 29 2019,Chicago Bulls,103,Portland Trail Blazers,107
278,Fri Nov 29 2019,Washington Wizards,103,Los Angeles Lakers,125
279,Sat Nov 30 2019,Denver Nuggets,97,Sacramento Kings,100
280,Sat Nov 30 2019,Indiana Pacers,116,Philadelphia 76ers,119
281,Sat Nov 30 2019,Atlanta Hawks,111,Houston Rockets,158
282,Sat Nov 30 2019,Charlotte Hornets,96,Milwaukee Bucks,137
283,Sun Dec 1 2019,Miami Heat,109,Brooklyn Nets,106
284,Sun Dec 1 2019,Memphis Grizzlies,115,Minnesota Timberwolves,107
285,Sun Dec 1 2019,Boston Celtics,113,New York Knicks,104
286,Sun Dec 1 2019,Dallas Mavericks,114,Los Angeles Lakers,100
287,Sun Dec 1 2019,San Antonio Spurs,98,Detroit Pistons,132
288,Sun Dec 1 2019,Oklahoma City Thunder,107,New Orleans Pelicans,104
289,Sun Dec 1 2019,Golden State Warriors,96,Orlando Magic,100
290,Sun Dec 1 2019,Utah Jazz,110,Toronto Raptors,130
291,Sun Dec 1 2019,Washington Wizards,125,Los Angeles Clippers,150
292,Mon Dec 2 2019,Phoenix Suns,109,Charlotte Hornets,104
293,Mon Dec 2 2019,Utah Jazz,94,Philadelphia 76ers,103
294,Mon Dec 2 2019,Golden State Warriors,79,Atlanta Hawks,104
295,Mon Dec 2 2019,Indiana Pacers,117,Memphis Grizzlies,104
296,Mon Dec 2 2019,New York Knicks,88,Milwaukee Bucks,132
297,Mon Dec 2 2019,Chicago Bulls,113,Sacramento Kings,106
298,Tue Dec 3 2019,Detroit Pistons,127,Cleveland Cavaliers,94
299,Tue Dec 3 2019,Orlando Magic,127,Washington Wizards,120
300,Tue Dec 3 2019,Dallas Mavericks,118,New Orleans Pelicans,97
301,Tue Dec 3 2019,Miami Heat,121,Toronto Raptors,110
302,Tue Dec 3 2019,Houston Rockets,133,San Antonio Spurs,135
303,Tue Dec 3 2019,Los Angeles Lakers,105,Denver Nuggets,96
304,Tue Dec 3 2019,Portland Trail Blazers,97,Los Angeles Clippers,117
305,Wed Dec 4 2019,Golden State Warriors,91,Charlotte Hornets,106
306,Wed Dec 4 2019,Milwaukee Bucks,127,Detroit Pistons,103
307,Wed Dec 4 2019,Phoenix Suns,114,Orlando Magic,128
308,Wed Dec 4 2019,Brooklyn Nets,130,Atlanta Hawks,118
309,Wed Dec 4 2019,Miami Heat,93,Boston Celtics,112
310,Wed Dec 4 2019,Memphis Grizzlies,99,Chicago Bulls,106
311,Wed Dec 4 2019,Indiana Pacers,107,Oklahoma City Thunder,100
312,Wed Dec 4 2019,Minnesota Timberwolves,114,Dallas Mavericks,121
313,Wed Dec 4 2019,Los Angeles Lakers,121,Utah Jazz,96
314,Wed Dec 4 2019,Sacramento Kings,116,Portland Trail Blazers,127
315,Thu Dec 5 2019,Philadelphia 76ers,113,Washington Wizards,119
316,Thu Dec 5 2019,Denver Nuggets,129,New York Knicks,92
317,Thu Dec 5 2019,Houston Rockets,119,Toronto Raptors,109
318,Thu Dec 5 2019,Phoenix Suns,139,New Orleans Pelicans,132
319,Fri Dec 6 2019,Brooklyn Nets,111,Charlotte Hornets,104
320,Fri Dec 6 2019,Orlando Magic,93,Cleveland Cavaliers,87
321,Fri Dec 6 2019,Indiana Pacers,101,Detroit Pistons,108
322,Fri Dec 6 2019,Denver Nuggets,95,Boston Celtics,108
323,Fri Dec 6 2019,Golden State Warriors,100,Chicago Bulls,98
324,Fri Dec 6 2019,Washington Wizards,103,Miami Heat,112
325,Fri Dec 6 2019,Minnesota Timberwolves,127,Oklahoma City Thunder,139
326,Fri Dec 6 2019,Los Angeles Clippers,91,Milwaukee Bucks,119
327,Fri Dec 6 2019,Sacramento Kings,104,San Antonio Spurs,105
328,Fri Dec 6 2019,Los Angeles Lakers,136,Portland Trail Blazers,113
329,Sat Dec 7 2019,New Orleans Pelicans,84,Dallas Mavericks,130
330,Sat Dec 7 2019,Indiana Pacers,104,New York Knicks,103
331,Sat Dec 7 2019,Cleveland Cavaliers,94,Philadelphia 76ers,141
332,Sat Dec 7 2019,Phoenix Suns,109,Houston Rockets,115
333,Sat Dec 7 2019,Memphis Grizzlies,112,Utah Jazz,126
334,Sun Dec 8 2019,Denver Nuggets,102,Brooklyn Nets,105
335,Sun Dec 8 2019,Atlanta Hawks,122,Charlotte Hornets,107
336,Sun Dec 8 2019,Chicago Bulls,105,Miami Heat,110
337,Sun Dec 8 2019,Toronto Raptors,104,Philadelphia 76ers,110
338,Sun Dec 8 2019,Los Angeles Clippers,135,Washington Wizards,119
339,Sun Dec 8 2019,Sacramento Kings,110,Dallas Mavericks,106
340,Sun Dec 8 2019,Oklahoma City Thunder,108,Portland Trail Blazers,96
341,Sun Dec 8 2019,Minnesota Timberwolves,125,Los Angeles Lakers,142
342,Mon Dec 9 2019,Los Angeles Clippers,110,Indiana Pacers,99
343,Mon Dec 9 2019,Cleveland Cavaliers,88,Boston Celtics,110
344,Mon Dec 9 2019,Toronto Raptors,93,Chicago Bulls,92
345,Mon Dec 9 2019,Sacramento Kings,119,Houston Rockets,118
346,Mon Dec 9 2019,Orlando Magic,101,Milwaukee Bucks,110
347,Mon Dec 9 2019,Detroit Pistons,105,New Orleans Pelicans,103
348,Mon Dec 9 2019,Minnesota Timberwolves,109,Phoenix Suns,125
349,Mon Dec 9 2019,Oklahoma City Thunder,104,Utah Jazz,90
350,Mon Dec 9 2019,Memphis Grizzlies,110,Golden State Warriors,102
351,Tue Dec 10 2019,Washington Wizards,107,Charlotte Hornets,114
352,Tue Dec 10 2019,Atlanta Hawks,121,Miami Heat,135
353,Tue Dec 10 2019,Denver Nuggets,92,Philadelphia 76ers,97
354,Tue Dec 10 2019,New York Knicks,87,Portland Trail Blazers,115
355,Wed Dec 11 2019,Houston Rockets,116,Cleveland Cavaliers,110
356,Wed Dec 11 2019,Boston Celtics,117,Indiana Pacers,122
357,Wed Dec 11 2019,Los Angeles Lakers,96,Orlando Magic,87
358,Wed Dec 11 2019,Los Angeles Clippers,112,Toronto Raptors,92
359,Wed Dec 11 2019,Charlotte Hornets,113,Brooklyn Nets,108
360,Wed Dec 11 2019,Atlanta Hawks,102,Chicago Bulls,136
361,Wed Dec 11 2019,Utah Jazz,127,Minnesota Timberwolves,116
362,Wed Dec 11 2019,Memphis Grizzlies,115,Phoenix Suns,108
363,Wed Dec 11 2019,New Orleans Pelicans,112,Milwaukee Bucks,127
364,Wed Dec 11 2019,Oklahoma City Thunder,93,Sacramento Kings,94
365,Wed Dec 11 2019,New York Knicks,124,Golden State Warriors,122
366,Thu Dec 12 2019,Philadelphia 76ers,115,Boston Celtics,109
367,Thu Dec 12 2019,Cleveland Cavaliers,117,San Antonio Spurs,109
368,Thu Dec 12 2019,Dallas Mavericks,122,Detroit Pistons,111
369,Thu Dec 12 2019,Portland Trail Blazers,99,Denver Nuggets,114
370,Fri Dec 13 2019,Los Angeles Lakers,113,Miami Heat,110
371,Fri Dec 13 2019,Houston Rockets,130,Orlando Magic,107
372,Fri Dec 13 2019,New Orleans Pelicans,109,Philadelphia 76ers,116
373,Fri Dec 13 2019,Indiana Pacers,110,Atlanta Hawks,100
374,Fri Dec 13 2019,Charlotte Hornets,83,Chicago Bulls,73
375,Fri Dec 13 2019,Milwaukee Bucks,127,Memphis Grizzlies,114
376,Fri Dec 13 2019,Golden State Warriors,106,Utah Jazz,114
377,Fri Dec 13 2019,Los Angeles Clippers,124,Minnesota Timberwolves,117
378,Fri Dec 13 2019,New York Knicks,103,Sacramento Kings,101
379,Sat Dec 14 2019,San Antonio Spurs,121,Phoenix Suns,119
380,Sat Dec 14 2019,Brooklyn Nets,102,Toronto Raptors,110
381,Sat Dec 14 2019,Los Angeles Clippers,106,Chicago Bulls,109
382,Sat Dec 14 2019,Washington Wizards,111,Memphis Grizzlies,128
383,Sat Dec 14 2019,Miami Heat,122,Dallas Mavericks,118
384,Sat Dec 14 2019,Cleveland Cavaliers,108,Milwaukee Bucks,125
385,Sat Dec 14 2019,Oklahoma City Thunder,102,Denver Nuggets,110
386,Sat Dec 14 2019,Detroit Pistons,115,Houston Rockets,107
387,Sun Dec 15 2019,Orlando Magic,130,New Orleans Pelicans,119
388,Sun Dec 15 2019,Charlotte Hornets,85,Indiana Pacers,107
389,Sun Dec 15 2019,Los Angeles Lakers,101,Atlanta Hawks,96
390,Sun Dec 15 2019,Philadelphia 76ers,89,Brooklyn Nets,109
391,Sun Dec 15 2019,New York Knicks,105,Denver Nuggets,111
392,Sun Dec 15 2019,Sacramento Kings,100,Golden State Warriors,79
393,Mon Dec 16 2019,Washington Wizards,133,Detroit Pistons,119
394,Mon Dec 16 2019,Cleveland Cavaliers,113,Toronto Raptors,133
395,Mon Dec 16 2019,San Antonio Spurs,107,Houston Rockets,109
396,Mon Dec 16 2019,Miami Heat,111,Memphis Grizzlies,118
397,Mon Dec 16 2019,Dallas Mavericks,120,Milwaukee Bucks,116
398,Mon Dec 16 2019,Chicago Bulls,106,Oklahoma City Thunder,109
399,Mon Dec 16 2019,Portland Trail Blazers,111,Phoenix Suns,110
400,Tue Dec 17 2019,Sacramento Kings,102,Charlotte Hornets,110
401,Tue Dec 17 2019,Los Angeles Lakers,102,Indiana Pacers,105
402,Tue Dec 17 2019,Atlanta Hawks,120,New York Knicks,143
403,Tue Dec 17 2019,Brooklyn Nets,108,New Orleans Pelicans,101
404,Tue Dec 17 2019,Orlando Magic,102,Utah Jazz,109
405,Tue Dec 17 2019,Phoenix Suns,99,Los Angeles Clippers,120
406,Wed Dec 18 2019,Charlotte Hornets,98,Cleveland Cavaliers,100
407,Wed Dec 18 2019,Toronto Raptors,112,Detroit Pistons,99
408,Wed Dec 18 2019,Miami Heat,108,Philadelphia 76ers,104
409,Wed Dec 18 2019,Chicago Bulls,110,Washington Wizards,109
410,Wed Dec 18 2019,New Orleans Pelicans,107,Minnesota Timberwolves,99
411,Wed Dec 18 2019,Memphis Grizzlies,122,Oklahoma City Thunder,126
412,Wed Dec 18 2019,Orlando Magic,104,Denver Nuggets,113
413,Wed Dec 18 2019,Boston Celtics,109,Dallas Mavericks,103
414,Wed Dec 18 2019,Golden State Warriors,112,Portland Trail Blazers,122
415,Thu Dec 19 2019,Utah Jazz,111,Atlanta Hawks,106
416,Thu Dec 19 2019,Los Angeles Lakers,104,Milwaukee Bucks,111
417,Thu Dec 19 2019,Brooklyn Nets,105,San Antonio Spurs,118
418,Thu Dec 19 2019,Houston Rockets,122,Los Angeles Clippers,117
419,Fri Dec 20 2019,Memphis Grizzlies,107,Cleveland Cavaliers,114
420,Fri Dec 20 2019,Sacramento Kings,105,Indiana Pacers,119
421,Fri Dec 20 2019,Detroit Pistons,93,Boston Celtics,114
422,Fri Dec 20 2019,Washington Wizards,118,Toronto Raptors,122
423,Fri Dec 20 2019,New York Knicks,114,Miami Heat,129
424,Fri Dec 20 2019,Phoenix Suns,108,Oklahoma City Thunder,126
425,Fri Dec 20 2019,Dallas Mavericks,117,Philadelphia 76ers,98
426,Fri Dec 20 2019,Minnesota Timberwolves,100,Denver Nuggets,109
427,Fri Dec 20 2019,Orlando Magic,103,Portland Trail Blazers,118
428,Fri Dec 20 2019,New Orleans Pelicans,102,Golden State Warriors,106
429,Sat Dec 21 2019,Utah Jazz,114,Charlotte Hornets,107
430,Sat Dec 21 2019,Atlanta Hawks,112,Brooklyn Nets,122
431,Sat Dec 21 2019,Chicago Bulls,119,Detroit Pistons,107
432,Sat Dec 21 2019,Washington Wizards,108,Philadelphia 76ers,125
433,Sat Dec 21 2019,Milwaukee Bucks,123,New York Knicks,102
434,Sat Dec 21 2019,Sacramento Kings,115,Memphis Grizzlies,119
435,Sat Dec 21 2019,Los Angeles Clippers,134,San Antonio Spurs,109
436,Sat Dec 21 2019,Houston Rockets,139,Phoenix Suns,125
437,Sat Dec 21 2019,Minnesota Timberwolves,106,Portland Trail Blazers,113
438,Sun Dec 22 2019,Dallas Mavericks,107,Toronto Raptors,110
439,Sun Dec 22 2019,Charlotte Hornets,93,Boston Celtics,119
440,Sun Dec 22 2019,Indiana Pacers,89,Milwaukee Bucks,117
441,Sun Dec 22 2019,Los Angeles Clippers,112,Oklahoma City Thunder,118
442,Sun Dec 22 2019,Denver Nuggets,128,Los Angeles Lakers,104
443,Mon Dec 23 2019,Atlanta Hawks,118,Cleveland Cavaliers,121
444,Mon Dec 23 2019,Philadelphia 76ers,125,Detroit Pistons,109
445,Mon Dec 23 2019,Toronto Raptors,115,Indiana Pacers,120
446,Mon Dec 23 2019,Washington Wizards,121,New York Knicks,115
447,Mon Dec 23 2019,Chicago Bulls,95,Orlando Magic,103
448,Mon Dec 23 2019,Utah Jazz,104,Miami Heat,107
449,Mon Dec 23 2019,San Antonio Spurs,145,Memphis Grizzlies,115
450,Mon Dec 23 2019,Denver Nuggets,113,Phoenix Suns,111
451,Mon Dec 23 2019,New Orleans Pelicans,102,Portland Trail Blazers,94
452,Mon Dec 23 2019,Houston Rockets,113,Sacramento Kings,104
453,Mon Dec 23 2019,Minnesota Timberwolves,104,Golden State Warriors,113
454,Wed Dec 25 2019,Boston Celtics,118,Toronto Raptors,102
455,Wed Dec 25 2019,Milwaukee Bucks,109,Philadelphia 76ers,121
456,Wed Dec 25 2019,Houston Rockets,104,Golden State Warriors,116
457,Wed Dec 25 2019,Los Angeles Clippers,111,Los Angeles Lakers,106
458,Wed Dec 25 2019,New Orleans Pelicans,112,Denver Nuggets,100
459,Thu Dec 26 2019,Washington Wizards,102,Detroit Pistons,132
460,Thu Dec 26 2019,New York Knicks,94,Brooklyn Nets,82
461,Thu Dec 26 2019,San Antonio Spurs,98,Dallas Mavericks,102
462,Thu Dec 26 2019,Memphis Grizzlies,110,Oklahoma City Thunder,97
463,Thu Dec 26 2019,Minnesota Timberwolves,105,Sacramento Kings,104
464,Thu Dec 26 2019,Portland Trail Blazers,115,Utah Jazz,121
465,Fri Dec 27 2019,Cleveland Cavaliers,117,Boston Celtics,129
466,Fri Dec 27 2019,Oklahoma City Thunder,104,Charlotte Hornets,102
467,Fri Dec 27 2019,Philadelphia 76ers,97,Orlando Magic,98
468,Fri Dec 27 2019,Milwaukee Bucks,112,Atlanta Hawks,86
469,Fri Dec 27 2019,Indiana Pacers,112,Miami Heat,113
470,Fri Dec 27 2019,Phoenix Suns,96,Golden State Warriors,105
471,Sat Dec 28 2019,Memphis Grizzlies,110,Denver Nuggets,119
472,Sat Dec 28 2019,Toronto Raptors,113,Boston Celtics,97
473,Sat Dec 28 2019,Indiana Pacers,98,New Orleans Pelicans,120
474,Sat Dec 28 2019,Atlanta Hawks,81,Chicago Bulls,116
475,Sat Dec 28 2019,Brooklyn Nets,98,Houston Rockets,108
476,Sat Dec 28 2019,Philadelphia 76ers,116,Miami Heat,117
477,Sat Dec 28 2019,Cleveland Cavaliers,94,Minnesota Timberwolves,88
478,Sat Dec 28 2019,New York Knicks,107,Washington Wizards,100
479,Sat Dec 28 2019,Dallas Mavericks,141,Golden State Warriors,121
480,Sat Dec 28 2019,Orlando Magic,100,Milwaukee Bucks,111
481,Sat Dec 28 2019,Detroit Pistons,109,San Antonio Spurs,136
482,Sat Dec 28 2019,Phoenix Suns,112,Sacramento Kings,110
483,Sat Dec 28 2019,Los Angeles Lakers,128,Portland Trail Blazers,120
484,Sat Dec 28 2019,Utah Jazz,120,Los Angeles Clippers,107
485,Sun Dec 29 2019,Oklahoma City Thunder,98,Toronto Raptors,97
486,Sun Dec 29 2019,Sacramento Kings,115,Denver Nuggets,120
487,Sun Dec 29 2019,Charlotte Hornets,104,Memphis Grizzlies,117
488,Sun Dec 29 2019,Houston Rockets,112,New Orleans Pelicans,127
489,Sun Dec 29 2019,Dallas Mavericks,95,Los Angeles Lakers,108
490,Mon Dec 30 2019,Atlanta Hawks,101,Orlando Magic,93
491,Mon Dec 30 2019,Miami Heat,105,Washington Wizards,123
492,Mon Dec 30 2019,Milwaukee Bucks,123,Chicago Bulls,102
493,Mon Dec 30 2019,Brooklyn Nets,115,Minnesota Timberwolves,122
494,Mon Dec 30 2019,Detroit Pistons,81,Utah Jazz,104
495,Mon Dec 30 2019,Phoenix Suns,122,Portland Trail Blazers,116
496,Tue Dec 31 2019,Boston Celtics,109,Charlotte Hornets,92
497,Tue Dec 31 2019,Philadelphia 76ers,97,Indiana Pacers,115
498,Tue Dec 31 2019,Los Angeles Clippers,105,Sacramento Kings,87
499,Tue Dec 31 2019,Denver Nuggets,104,Houston Rockets,130
500,Tue Dec 31 2019,Golden State Warriors,113,San Antonio Spurs,117
501,Tue Dec 31 2019,Cleveland Cavaliers,97,Toronto Raptors,117
502,Tue Dec 31 2019,Dallas Mavericks,101,Oklahoma City Thunder,106
503,Wed Jan 1 2020,Orlando Magic,122,Washington Wizards,101
504,Wed Jan 1 2020,Portland Trail Blazers,93,New York Knicks,117
505,Wed Jan 1 2020,Minnesota Timberwolves,104,Milwaukee Bucks,106
506,Wed Jan 1 2020,Phoenix Suns,107,Los Angeles Lakers,117
507,Thu Jan 2 2020,Charlotte Hornets,109,Cleveland Cavaliers,106
508,Thu Jan 2 2020,Denver Nuggets,124,Indiana Pacers,116
509,Thu Jan 2 2020,Toronto Raptors,76,Miami Heat,84
510,Thu Jan 2 2020,Utah Jazz,102,Chicago Bulls,98
511,Thu Jan 2 2020,Golden State Warriors,84,Minnesota Timberwolves,99
512,Thu Jan 2 2020,Brooklyn Nets,111,Dallas Mavericks,123
513,Thu Jan 2 2020,Oklahoma City Thunder,109,San Antonio Spurs,103
514,Thu Jan 2 2020,Memphis Grizzlies,123,Sacramento Kings,128
515,Thu Jan 2 2020,Detroit Pistons,112,Los Angeles Clippers,126
516,Fri Jan 3 2020,Atlanta Hawks,106,Boston Celtics,109
517,Fri Jan 3 2020,Miami Heat,85,Orlando Magic,105
518,Fri Jan 3 2020,Portland Trail Blazers,122,Washington Wizards,103
519,Fri Jan 3 2020,Philadelphia 76ers,108,Houston Rockets,118
520,Fri Jan 3 2020,New York Knicks,112,Phoenix Suns,120
521,Fri Jan 3 2020,New Orleans Pelicans,113,Los Angeles Lakers,123
522,Sat Jan 4 2020,Memphis Grizzlies,140,Los Angeles Clippers,114
523,Sat Jan 4 2020,Toronto Raptors,121,Brooklyn Nets,102
524,Sat Jan 4 2020,Utah Jazz,109,Orlando Magic,96
525,Sat Jan 4 2020,Indiana Pacers,111,Atlanta Hawks,116
526,Sat Jan 4 2020,Oklahoma City Thunder,121,Cleveland Cavaliers,106
527,Sat Jan 4 2020,Boston Celtics,111,Chicago Bulls,104
528,Sat Jan 4 2020,Denver Nuggets,114,Washington Wizards,128
529,Sat Jan 4 2020,Charlotte Hornets,123,Dallas Mavericks,120
530,Sat Jan 4 2020,Detroit Pistons,111,Golden State Warriors,104
531,Sat Jan 4 2020,San Antonio Spurs,118,Milwaukee Bucks,127
532,Sat Jan 4 2020,New Orleans Pelicans,117,Sacramento Kings,115
533,Sun Jan 5 2020,New York Knicks,132,Los Angeles Clippers,135
534,Sun Jan 5 2020,Portland Trail Blazers,111,Miami Heat,122
535,Sun Jan 5 2020,Minnesota Timberwolves,118,Cleveland Cavaliers,103
536,Sun Jan 5 2020,Memphis Grizzlies,121,Phoenix Suns,114
537,Sun Jan 5 2020,Detroit Pistons,99,Los Angeles Lakers,106
538,Mon Jan 6 2020,Indiana Pacers,115,Charlotte Hornets,104
539,Mon Jan 6 2020,Brooklyn Nets,89,Orlando Magic,101
540,Mon Jan 6 2020,Oklahoma City Thunder,113,Philadelphia 76ers,120
541,Mon Jan 6 2020,Boston Celtics,94,Washington Wizards,99
542,Mon Jan 6 2020,Denver Nuggets,123,Atlanta Hawks,115
543,Mon Jan 6 2020,Utah Jazz,128,New Orleans Pelicans,126
544,Mon Jan 6 2020,Chicago Bulls,110,Dallas Mavericks,118
545,Mon Jan 6 2020,Milwaukee Bucks,104,San Antonio Spurs,126
546,Mon Jan 6 2020,Golden State Warriors,98,Sacramento Kings,111
547,Tue Jan 7 2020,Detroit Pistons,115,Cleveland Cavaliers,113
548,Tue Jan 7 2020,Portland Trail Blazers,101,Toronto Raptors,99
549,Tue Jan 7 2020,Oklahoma City Thunder,111,Brooklyn Nets,103
550,Tue Jan 7 2020,Minnesota Timberwolves,112,Memphis Grizzlies,119
551,Tue Jan 7 2020,Sacramento Kings,114,Phoenix Suns,103
552,Tue Jan 7 2020,New York Knicks,87,Los Angeles Lakers,117
553,Wed Jan 8 2020,San Antonio Spurs,129,Boston Celtics,114
554,Wed Jan 8 2020,Toronto Raptors,112,Charlotte Hornets,110
555,Wed Jan 8 2020,Miami Heat,122,Indiana Pacers,108
556,Wed Jan 8 2020,Washington Wizards,89,Orlando Magic,123
557,Wed Jan 8 2020,Houston Rockets,122,Atlanta Hawks,115
558,Wed Jan 8 2020,Denver Nuggets,107,Dallas Mavericks,106
559,Wed Jan 8 2020,Chicago Bulls,108,New Orleans Pelicans,123
560,Wed Jan 8 2020,New York Knicks,104,Utah Jazz,128
561,Wed Jan 8 2020,Milwaukee Bucks,107,Golden State Warriors,98
562,Thu Jan 9 2020,Cleveland Cavaliers,115,Detroit Pistons,112
563,Thu Jan 9 2020,Boston Celtics,98,Philadelphia 76ers,109
564,Thu Jan 9 2020,Portland Trail Blazers,102,Minnesota Timberwolves,116
565,Thu Jan 9 2020,Houston Rockets,92,Oklahoma City Thunder,113
566,Fri Jan 10 2020,Atlanta Hawks,101,Washington Wizards,111
567,Fri Jan 10 2020,New Orleans Pelicans,123,New York Knicks,111
568,Fri Jan 10 2020,Miami Heat,113,Brooklyn Nets,117
569,Fri Jan 10 2020,Indiana Pacers,116,Chicago Bulls,105
570,Fri Jan 10 2020,San Antonio Spurs,121,Memphis Grizzlies,134
571,Fri Jan 10 2020,Orlando Magic,94,Phoenix Suns,98
572,Fri Jan 10 2020,Charlotte Hornets,92,Utah Jazz,109
573,Fri Jan 10 2020,Los Angeles Lakers,129,Dallas Mavericks,114
574,Fri Jan 10 2020,Milwaukee Bucks,127,Sacramento Kings,106
575,Fri Jan 10 2020,Golden State Warriors,100,Los Angeles Clippers,109
576,Sat Jan 11 2020,Minnesota Timberwolves,109,Houston Rockets,139
577,Sat Jan 11 2020,New Orleans Pelicans,105,Boston Celtics,140
578,Sat Jan 11 2020,Chicago Bulls,108,Detroit Pistons,99
579,Sat Jan 11 2020,Los Angeles Lakers,125,Oklahoma City Thunder,110
580,Sat Jan 11 2020,Philadelphia 76ers,91,Dallas Mavericks,109
581,Sat Jan 11 2020,Cleveland Cavaliers,111,Denver Nuggets,103
582,Sat Jan 11 2020,Milwaukee Bucks,122,Portland Trail Blazers,101
583,Sun Jan 12 2020,Miami Heat,121,New York Knicks,124
584,Sun Jan 12 2020,Utah Jazz,127,Washington Wizards,116
585,Sun Jan 12 2020,Atlanta Hawks,86,Brooklyn Nets,108
586,Sun Jan 12 2020,Golden State Warriors,102,Memphis Grizzlies,122
587,Sun Jan 12 2020,San Antonio Spurs,105,Toronto Raptors,104
588,Sun Jan 12 2020,Los Angeles Clippers,104,Denver Nuggets,114
589,Sun Jan 12 2020,Charlotte Hornets,92,Phoenix Suns,100
590,Mon Jan 13 2020,New Orleans Pelicans,117,Detroit Pistons,110
591,Mon Jan 13 2020,Philadelphia 76ers,95,Indiana Pacers,101
592,Mon Jan 13 2020,Chicago Bulls,101,Boston Celtics,113
593,Mon Jan 13 2020,Oklahoma City Thunder,117,Minnesota Timberwolves,104
594,Mon Jan 13 2020,Charlotte Hornets,112,Portland Trail Blazers,115
595,Mon Jan 13 2020,Orlando Magic,114,Sacramento Kings,112
596,Mon Jan 13 2020,Cleveland Cavaliers,99,Los Angeles Lakers,128
597,Tue Jan 14 2020,Phoenix Suns,110,Atlanta Hawks,123
598,Tue Jan 14 2020,Utah Jazz,118,Brooklyn Nets,107
599,Tue Jan 14 2020,Houston Rockets,110,Memphis Grizzlies,121
600,Tue Jan 14 2020,New York Knicks,102,Milwaukee Bucks,128
601,Tue Jan 14 2020,Dallas Mavericks,124,Golden State Warriors,97
602,Tue Jan 14 2020,Cleveland Cavaliers,103,Los Angeles Clippers,128
603,Wed Jan 15 2020,Detroit Pistons,116,Boston Celtics,103
604,Wed Jan 15 2020,Brooklyn Nets,106,Philadelphia 76ers,117
605,Wed Jan 15 2020,San Antonio Spurs,100,Miami Heat,106
606,Wed Jan 15 2020,Washington Wizards,106,Chicago Bulls,115
607,Wed Jan 15 2020,Indiana Pacers,104,Minnesota Timberwolves,99
608,Wed Jan 15 2020,Toronto Raptors,130,Oklahoma City Thunder,121
609,Wed Jan 15 2020,Charlotte Hornets,86,Denver Nuggets,100
610,Wed Jan 15 2020,Portland Trail Blazers,117,Houston Rockets,107
611,Wed Jan 15 2020,Dallas Mavericks,127,Sacramento Kings,123
612,Wed Jan 15 2020,Orlando Magic,119,Los Angeles Lakers,118
613,Thu Jan 16 2020,Phoenix Suns,121,New York Knicks,98
614,Thu Jan 16 2020,Boston Celtics,123,Milwaukee Bucks,128
615,Thu Jan 16 2020,Utah Jazz,132,New Orleans Pelicans,138
616,Thu Jan 16 2020,Denver Nuggets,134,Golden State Warriors,131
617,Thu Jan 16 2020,Orlando Magic,95,Los Angeles Clippers,122
618,Fri Jan 17 2020,Minnesota Timberwolves,114,Indiana Pacers,116
619,Fri Jan 17 2020,Chicago Bulls,89,Philadelphia 76ers,100
620,Fri Jan 17 2020,Washington Wizards,111,Toronto Raptors,140
621,Fri Jan 17 2020,Cleveland Cavaliers,109,Memphis Grizzlies,113
622,Fri Jan 17 2020,Miami Heat,115,Oklahoma City Thunder,108
623,Fri Jan 17 2020,Atlanta Hawks,121,San Antonio Spurs,120
624,Fri Jan 17 2020,Portland Trail Blazers,112,Dallas Mavericks,120
625,Sat Jan 18 2020,Los Angeles Clippers,133,New Orleans Pelicans,130
626,Sat Jan 18 2020,Milwaukee Bucks,117,Brooklyn Nets,97
627,Sat Jan 18 2020,Phoenix Suns,123,Boston Celtics,119
628,Sat Jan 18 2020,Detroit Pistons,136,Atlanta Hawks,103
629,Sat Jan 18 2020,Philadelphia 76ers,90,New York Knicks,87
630,Sat Jan 18 2020,Cleveland Cavaliers,116,Chicago Bulls,118
631,Sat Jan 18 2020,Toronto Raptors,122,Minnesota Timberwolves,112
632,Sat Jan 18 2020,Orlando Magic,95,Golden State Warriors,109
633,Sat Jan 18 2020,Los Angeles Lakers,124,Houston Rockets,115
634,Sat Jan 18 2020,Portland Trail Blazers,106,Oklahoma City Thunder,119
635,Sat Jan 18 2020,Sacramento Kings,101,Utah Jazz,123
636,Sun Jan 19 2020,Miami Heat,102,San Antonio Spurs,107
637,Sun Jan 19 2020,Indiana Pacers,115,Denver Nuggets,107
638,Mon Jan 20 2020,Detroit Pistons,100,Washington Wizards,106
639,Mon Jan 20 2020,Toronto Raptors,122,Atlanta Hawks,117
640,Mon Jan 20 2020,Philadelphia 76ers,117,Brooklyn Nets,111
641,Mon Jan 20 2020,Orlando Magic,106,Charlotte Hornets,83
642,Mon Jan 20 2020,New York Knicks,106,Cleveland Cavaliers,86
643,Mon Jan 20 2020,Oklahoma City Thunder,112,Houston Rockets,107
644,Mon Jan 20 2020,New Orleans Pelicans,126,Memphis Grizzlies,116
645,Mon Jan 20 2020,Sacramento Kings,113,Miami Heat,118
646,Mon Jan 20 2020,Chicago Bulls,98,Milwaukee Bucks,111
647,Mon Jan 20 2020,Los Angeles Lakers,107,Boston Celtics,139
648,Mon Jan 20 2020,Denver Nuggets,107,Minnesota Timberwolves,100
649,Mon Jan 20 2020,San Antonio Spurs,120,Phoenix Suns,118
650,Mon Jan 20 2020,Indiana Pacers,88,Utah Jazz,118
651,Mon Jan 20 2020,Golden State Warriors,124,Portland Trail Blazers,129
652,Tue Jan 21 2020,Los Angeles Clippers,110,Dallas Mavericks,107
653,Wed Jan 22 2020,Sacramento Kings,106,Detroit Pistons,127
654,Wed Jan 22 2020,Oklahoma City Thunder,120,Orlando Magic,114
655,Wed Jan 22 2020,Philadelphia 76ers,95,Toronto Raptors,107
656,Wed Jan 22 2020,Los Angeles Clippers,95,Atlanta Hawks,102
657,Wed Jan 22 2020,Memphis Grizzlies,95,Boston Celtics,119
658,Wed Jan 22 2020,Washington Wizards,129,Miami Heat,134
659,Wed Jan 22 2020,Los Angeles Lakers,100,New York Knicks,92
660,Wed Jan 22 2020,Minnesota Timberwolves,110,Chicago Bulls,117
661,Wed Jan 22 2020,Denver Nuggets,105,Houston Rockets,121
662,Wed Jan 22 2020,Indiana Pacers,112,Phoenix Suns,87
663,Wed Jan 22 2020,San Antonio Spurs,121,New Orleans Pelicans,117
664,Wed Jan 22 2020,Utah Jazz,129,Golden State Warriors,96
665,Thu Jan 23 2020,Washington Wizards,124,Cleveland Cavaliers,112
666,Thu Jan 23 2020,Los Angeles Lakers,128,Brooklyn Nets,113
667,Thu Jan 23 2020,Dallas Mavericks,133,Portland Trail Blazers,125
668,Fri Jan 24 2020,Milwaukee Bucks,116,Charlotte Hornets,103
669,Fri Jan 24 2020,Memphis Grizzlies,125,Detroit Pistons,112
670,Fri Jan 24 2020,Boston Celtics,109,Orlando Magic,98
671,Fri Jan 24 2020,Toronto Raptors,118,New York Knicks,112
672,Fri Jan 24 2020,Sacramento Kings,98,Chicago Bulls,81
673,Fri Jan 24 2020,Los Angeles Clippers,122,Miami Heat,117
674,Fri Jan 24 2020,Houston Rockets,131,Minnesota Timberwolves,124
675,Fri Jan 24 2020,Denver Nuggets,113,New Orleans Pelicans,106
676,Fri Jan 24 2020,Atlanta Hawks,111,Oklahoma City Thunder,140
677,Fri Jan 24 2020,Phoenix Suns,103,San Antonio Spurs,99
678,Fri Jan 24 2020,Indiana Pacers,129,Golden State Warriors,118
679,Sat Jan 25 2020,Dallas Mavericks,107,Utah Jazz,112
680,Sat Jan 25 2020,Brooklyn Nets,121,Detroit Pistons,111
681,Sat Jan 25 2020,Chicago Bulls,118,Cleveland Cavaliers,106
682,Sat Jan 25 2020,Oklahoma City Thunder,113,Minnesota Timberwolves,104
683,Sat Jan 25 2020,Los Angeles Lakers,91,Philadelphia 76ers,108
684,Sun Jan 26 2020,Houston Rockets,110,Denver Nuggets,117
685,Sun Jan 26 2020,Toronto Raptors,110,San Antonio Spurs,106
686,Sun Jan 26 2020,Washington Wizards,133,Atlanta Hawks,152
687,Sun Jan 26 2020,Phoenix Suns,109,Memphis Grizzlies,114
688,Sun Jan 26 2020,Boston Celtics,108,New Orleans Pelicans,123
689,Sun Jan 26 2020,Brooklyn Nets,97,New York Knicks,110
690,Sun Jan 26 2020,Los Angeles Clippers,112,Orlando Magic,97
691,Sun Jan 26 2020,Indiana Pacers,129,Portland Trail Blazers,139
692,Mon Jan 27 2020,Cleveland Cavaliers,115,Detroit Pistons,100
693,Mon Jan 27 2020,Orlando Magic,92,Miami Heat,113
694,Mon Jan 27 2020,San Antonio Spurs,109,Chicago Bulls,110
695,Mon Jan 27 2020,Sacramento Kings,133,Minnesota Timberwolves,129
696,Mon Jan 27 2020,Dallas Mavericks,107,Oklahoma City Thunder,97
697,Mon Jan 27 2020,Houston Rockets,126,Utah Jazz,117
698,Tue Jan 28 2020,New York Knicks,92,Charlotte Hornets,97
699,Tue Jan 28 2020,Golden State Warriors,104,Philadelphia 76ers,115
700,Tue Jan 28 2020,New Orleans Pelicans,125,Cleveland Cavaliers,111
701,Tue Jan 28 2020,Atlanta Hawks,114,Toronto Raptors,130
702,Tue Jan 28 2020,Denver Nuggets,96,Memphis Grizzlies,104
703,Tue Jan 28 2020,Boston Celtics,109,Miami Heat,101
704,Tue Jan 28 2020,Washington Wizards,131,Milwaukee Bucks,151
705,Tue Jan 28 2020,Phoenix Suns,133,Dallas Mavericks,104
706,Wed Jan 29 2020,Chicago Bulls,106,Indiana Pacers,115
707,Wed Jan 29 2020,Detroit Pistons,115,Brooklyn Nets,125
708,Wed Jan 29 2020,Memphis Grizzlies,127,New York Knicks,106
709,Wed Jan 29 2020,Utah Jazz,120,San Antonio Spurs,127
710,Wed Jan 29 2020,Houston Rockets,112,Portland Trail Blazers,125
711,Wed Jan 29 2020,Oklahoma City Thunder,120,Sacramento Kings,100
712,Thu Jan 30 2020,Toronto Raptors,115,Cleveland Cavaliers,109
713,Thu Jan 30 2020,Charlotte Hornets,107,Washington Wizards,121
714,Thu Jan 30 2020,Philadelphia 76ers,117,Atlanta Hawks,127
715,Thu Jan 30 2020,Golden State Warriors,104,Boston Celtics,119
716,Thu Jan 30 2020,Utah Jazz,100,Denver Nuggets,106
717,Thu Jan 30 2020,Sacramento Kings,124,Los Angeles Clippers,103
718,Fri Jan 31 2020,Toronto Raptors,105,Detroit Pistons,92
719,Fri Jan 31 2020,Chicago Bulls,118,Brooklyn Nets,133
720,Fri Jan 31 2020,Dallas Mavericks,121,Houston Rockets,128
721,Fri Jan 31 2020,Memphis Grizzlies,111,New Orleans Pelicans,139
722,Fri Jan 31 2020,Denver Nuggets,127,Milwaukee Bucks,115
723,Fri Jan 31 2020,Oklahoma City Thunder,111,Phoenix Suns,107
724,Fri Jan 31 2020,Portland Trail Blazers,127,Los Angeles Lakers,119
725,Sat Feb 1 2020,Minnesota Timberwolves,106,Los Angeles Clippers,118
726,Sat Feb 1 2020,New York Knicks,92,Indiana Pacers,85
727,Sat Feb 1 2020,Miami Heat,102,Orlando Magic,89
728,Sat Feb 1 2020,Golden State Warriors,131,Cleveland Cavaliers,112
729,Sat Feb 1 2020,Brooklyn Nets,107,Washington Wizards,113
730,Sat Feb 1 2020,Philadelphia 76ers,95,Boston Celtics,116
731,Sat Feb 1 2020,Atlanta Hawks,100,Dallas Mavericks,123
732,Sat Feb 1 2020,Charlotte Hornets,90,San Antonio Spurs,114
733,Sat Feb 1 2020,Los Angeles Lakers,129,Sacramento Kings,113
734,Sat Feb 1 2020,Utah Jazz,107,Portland Trail Blazers,124
735,Sun Feb 2 2020,Denver Nuggets,123,Detroit Pistons,128
736,Sun Feb 2 2020,New Orleans Pelicans,109,Houston Rockets,117
737,Sun Feb 2 2020,Phoenix Suns,108,Milwaukee Bucks,129
738,Sun Feb 2 2020,Chicago Bulls,102,Toronto Raptors,129
739,Mon Feb 3 2020,Orlando Magic,112,Charlotte Hornets,100
740,Mon Feb 3 2020,New York Knicks,139,Cleveland Cavaliers,134
741,Mon Feb 3 2020,Dallas Mavericks,112,Indiana Pacers,103
742,Mon Feb 3 2020,Golden State Warriors,125,Washington Wizards,117
743,Mon Feb 3 2020,Boston Celtics,123,Atlanta Hawks,115
744,Mon Feb 3 2020,Phoenix Suns,97,Brooklyn Nets,119
745,Mon Feb 3 2020,Philadelphia 76ers,106,Miami Heat,137
746,Mon Feb 3 2020,Detroit Pistons,82,Memphis Grizzlies,96
747,Mon Feb 3 2020,Minnesota Timberwolves,109,Sacramento Kings,113
748,Mon Feb 3 2020,San Antonio Spurs,105,Los Angeles Clippers,108
749,Tue Feb 4 2020,Milwaukee Bucks,120,New Orleans Pelicans,108
750,Tue Feb 4 2020,Charlotte Hornets,110,Houston Rockets,125
751,Tue Feb 4 2020,Portland Trail Blazers,99,Denver Nuggets,127
752,Tue Feb 4 2020,San Antonio Spurs,102,Los Angeles Lakers,129
753,Wed Feb 5 2020,Phoenix Suns,108,Detroit Pistons,116
754,Wed Feb 5 2020,Orlando Magic,100,Boston Celtics,116
755,Wed Feb 5 2020,Golden State Warriors,88,Brooklyn Nets,129
756,Wed Feb 5 2020,Indiana Pacers,118,Toronto Raptors,119
757,Wed Feb 5 2020,Atlanta Hawks,127,Minnesota Timberwolves,120
758,Wed Feb 5 2020,Cleveland Cavaliers,103,Oklahoma City Thunder,109
759,Wed Feb 5 2020,Memphis Grizzlies,121,Dallas Mavericks,107
760,Wed Feb 5 2020,Denver Nuggets,98,Utah Jazz,95
761,Wed Feb 5 2020,Miami Heat,111,Los Angeles Clippers,128
762,Thu Feb 6 2020,Orlando Magic,103,New York Knicks,105
763,Thu Feb 6 2020,New Orleans Pelicans,125,Chicago Bulls,119
764,Thu Feb 6 2020,Philadelphia 76ers,101,Milwaukee Bucks,112
765,Thu Feb 6 2020,San Antonio Spurs,117,Portland Trail Blazers,125
766,Thu Feb 6 2020,Houston Rockets,121,Los Angeles Lakers,111
767,Fri Feb 7 2020,Memphis Grizzlies,107,Philadelphia 76ers,119
768,Fri Feb 7 2020,Dallas Mavericks,118,Washington Wizards,119
769,Fri Feb 7 2020,Atlanta Hawks,107,Boston Celtics,112
770,Fri Feb 7 2020,Toronto Raptors,115,Indiana Pacers,106
771,Fri Feb 7 2020,Detroit Pistons,101,Oklahoma City Thunder,108
772,Fri Feb 7 2020,Houston Rockets,91,Phoenix Suns,127
773,Fri Feb 7 2020,Miami Heat,97,Sacramento Kings,105
774,Fri Feb 7 2020,Portland Trail Blazers,114,Utah Jazz,117
775,Sat Feb 8 2020,Milwaukee Bucks,111,Orlando Magic,95
776,Sat Feb 8 2020,Dallas Mavericks,116,Charlotte Hornets,100
777,Sat Feb 8 2020,New York Knicks,95,Detroit Pistons,92
778,Sat Feb 8 2020,New Orleans Pelicans,124,Indiana Pacers,117
779,Sat Feb 8 2020,Brooklyn Nets,118,Toronto Raptors,119
780,Sat Feb 8 2020,Los Angeles Clippers,115,Minnesota Timberwolves,142
781,Sat Feb 8 2020,Los Angeles Lakers,125,Golden State Warriors,120
782,Sat Feb 8 2020,Denver Nuggets,117,Phoenix Suns,108
783,Sat Feb 8 2020,San Antonio Spurs,102,Sacramento Kings,122
784,Sun Feb 9 2020,Boston Celtics,112,Oklahoma City Thunder,111
785,Sun Feb 9 2020,New York Knicks,135,Atlanta Hawks,140
786,Sun Feb 9 2020,Chicago Bulls,111,Philadelphia 76ers,118
787,Sun Feb 9 2020,Memphis Grizzlies,106,Washington Wizards,99
788,Sun Feb 9 2020,Utah Jazz,114,Houston Rockets,113
789,Sun Feb 9 2020,Los Angeles Clippers,133,Cleveland Cavaliers,92
790,Sun Feb 9 2020,Miami Heat,109,Portland Trail Blazers,115
791,Mon Feb 10 2020,Charlotte Hornets,87,Detroit Pistons,76
792,Mon Feb 10 2020,Brooklyn Nets,106,Indiana Pacers,105
793,Mon Feb 10 2020,Atlanta Hawks,126,Orlando Magic,135
794,Mon Feb 10 2020,Minnesota Timberwolves,126,Toronto Raptors,137
795,Mon Feb 10 2020,Sacramento Kings,111,Milwaukee Bucks,123
796,Mon Feb 10 2020,Utah Jazz,123,Dallas Mavericks,119
797,Mon Feb 10 2020,San Antonio Spurs,120,Denver Nuggets,127
798,Mon Feb 10 2020,Miami Heat,113,Golden State Warriors,101
799,Mon Feb 10 2020,Phoenix Suns,100,Los Angeles Lakers,125
800,Tue Feb 11 2020,Los Angeles Clippers,103,Philadelphia 76ers,110
801,Tue Feb 11 2020,Chicago Bulls,114,Washington Wizards,126
802,Tue Feb 11 2020,Portland Trail Blazers,117,New Orleans Pelicans,138
803,Tue Feb 11 2020,San Antonio Spurs,114,Oklahoma City Thunder,106
804,Tue Feb 11 2020,Boston Celtics,105,Houston Rockets,116
805,Wed Feb 12 2020,Atlanta Hawks,105,Cleveland Cavaliers,127
806,Wed Feb 12 2020,Detroit Pistons,112,Orlando Magic,116
807,Wed Feb 12 2020,Toronto Raptors,91,Brooklyn Nets,101
808,Wed Feb 12 2020,Milwaukee Bucks,111,Indiana Pacers,118
809,Wed Feb 12 2020,Washington Wizards,114,New York Knicks,96
810,Wed Feb 12 2020,Portland Trail Blazers,104,Memphis Grizzlies,111
811,Wed Feb 12 2020,Charlotte Hornets,115,Minnesota Timberwolves,108
812,Wed Feb 12 2020,Sacramento Kings,111,Dallas Mavericks,130
813,Wed Feb 12 2020,Golden State Warriors,106,Phoenix Suns,112
814,Wed Feb 12 2020,Miami Heat,101,Utah Jazz,116
815,Wed Feb 12 2020,Los Angeles Lakers,120,Denver Nuggets,116
816,Thu Feb 13 2020,Los Angeles Clippers,133,Boston Celtics,141
817,Thu Feb 13 2020,Oklahoma City Thunder,123,New Orleans Pelicans,118
818,Thu Feb 20 2020,Milwaukee Bucks,126,Detroit Pistons,106
819,Thu Feb 20 2020,Miami Heat,124,Atlanta Hawks,129
820,Thu Feb 20 2020,Charlotte Hornets,103,Chicago Bulls,93
821,Thu Feb 20 2020,Brooklyn Nets,104,Philadelphia 76ers,112
822,Thu Feb 20 2020,Memphis Grizzlies,125,Sacramento Kings,129
823,Thu Feb 20 2020,Houston Rockets,135,Golden State Warriors,105
824,Fri Feb 21 2020,Dallas Mavericks,122,Orlando Magic,106
825,Fri Feb 21 2020,Cleveland Cavaliers,113,Washington Wizards,108
826,Fri Feb 21 2020,Indiana Pacers,106,New York Knicks,98
827,Fri Feb 21 2020,Phoenix Suns,101,Toronto Raptors,118
828,Fri Feb 21 2020,Boston Celtics,127,Minnesota Timberwolves,117
829,Fri Feb 21 2020,Denver Nuggets,101,Oklahoma City Thunder,113
830,Fri Feb 21 2020,San Antonio Spurs,113,Utah Jazz,104
831,Fri Feb 21 2020,Memphis Grizzlies,105,Los Angeles Lakers,117
832,Fri Feb 21 2020,New Orleans Pelicans,128,Portland Trail Blazers,115
833,Sat Feb 22 2020,Sacramento Kings,112,Los Angeles Clippers,103
834,Sat Feb 22 2020,Brooklyn Nets,115,Charlotte Hornets,86
835,Sat Feb 22 2020,Dallas Mavericks,107,Atlanta Hawks,111
836,Sat Feb 22 2020,Phoenix Suns,112,Chicago Bulls,104
837,Sat Feb 22 2020,Cleveland Cavaliers,105,Miami Heat,124
838,Sat Feb 22 2020,Philadelphia 76ers,98,Milwaukee Bucks,119
839,Sat Feb 22 2020,Houston Rockets,120,Utah Jazz,110
840,Sun Feb 23 2020,Boston Celtics,112,Los Angeles Lakers,114
841,Sun Feb 23 2020,Minnesota Timberwolves,116,Denver Nuggets,128
842,Sun Feb 23 2020,Indiana Pacers,81,Toronto Raptors,127
843,Sun Feb 23 2020,Washington Wizards,117,Chicago Bulls,126
844,Sun Feb 23 2020,San Antonio Spurs,103,Oklahoma City Thunder,131
845,Sun Feb 23 2020,New Orleans Pelicans,115,Golden State Warriors,101
846,Sun Feb 23 2020,Detroit Pistons,104,Portland Trail Blazers,107
847,Mon Feb 24 2020,Miami Heat,119,Cleveland Cavaliers,125
848,Mon Feb 24 2020,Atlanta Hawks,112,Philadelphia 76ers,129
849,Mon Feb 24 2020,Milwaukee Bucks,137,Washington Wizards,134
850,Mon Feb 24 2020,Orlando Magic,115,Brooklyn Nets,113
851,Mon Feb 24 2020,New York Knicks,112,Houston Rockets,123
852,Mon Feb 24 2020,Minnesota Timberwolves,123,Dallas Mavericks,139
853,Mon Feb 24 2020,Phoenix Suns,131,Utah Jazz,111
854,Mon Feb 24 2020,Memphis Grizzlies,97,Los Angeles Clippers,124
855,Tue Feb 25 2020,Charlotte Hornets,80,Indiana Pacers,119
856,Tue Feb 25 2020,Milwaukee Bucks,108,Toronto Raptors,97
857,Tue Feb 25 2020,Oklahoma City Thunder,124,Chicago Bulls,122
858,Tue Feb 25 2020,Detroit Pistons,98,Denver Nuggets,115
859,Tue Feb 25 2020,New Orleans Pelicans,109,Los Angeles Lakers,118
860,Tue Feb 25 2020,Boston Celtics,118,Portland Trail Blazers,106
861,Tue Feb 25 2020,Sacramento Kings,112,Golden State Warriors,94
862,Wed Feb 26 2020,New York Knicks,101,Charlotte Hornets,107
863,Wed Feb 26 2020,Philadelphia 76ers,94,Cleveland Cavaliers,108
864,Wed Feb 26 2020,Brooklyn Nets,106,Washington Wizards,110
865,Wed Feb 26 2020,Orlando Magic,130,Atlanta Hawks,120
866,Wed Feb 26 2020,Minnesota Timberwolves,129,Miami Heat,126
867,Wed Feb 26 2020,Memphis Grizzlies,112,Houston Rockets,140
868,Wed Feb 26 2020,Dallas Mavericks,109,San Antonio Spurs,103
869,Wed Feb 26 2020,Los Angeles Clippers,102,Phoenix Suns,92
870,Wed Feb 26 2020,Boston Celtics,114,Utah Jazz,103
871,Thu Feb 27 2020,New York Knicks,106,Philadelphia 76ers,115
872,Thu Feb 27 2020,Portland Trail Blazers,100,Indiana Pacers,106
873,Thu Feb 27 2020,Sacramento Kings,108,Oklahoma City Thunder,112
874,Thu Feb 27 2020,Los Angeles Lakers,116,Golden State Warriors,86
875,Fri Feb 28 2020,Minnesota Timberwolves,125,Orlando Magic,136
876,Fri Feb 28 2020,Brooklyn Nets,118,Atlanta Hawks,141
877,Fri Feb 28 2020,Charlotte Hornets,99,Toronto Raptors,96
878,Fri Feb 28 2020,Sacramento Kings,104,Memphis Grizzlies,101
879,Fri Feb 28 2020,Dallas Mavericks,118,Miami Heat,126
880,Fri Feb 28 2020,Oklahoma City Thunder,86,Milwaukee Bucks,133
881,Fri Feb 28 2020,Cleveland Cavaliers,104,New Orleans Pelicans,116
882,Fri Feb 28 2020,Detroit Pistons,113,Phoenix Suns,111
883,Fri Feb 28 2020,Washington Wizards,119,Utah Jazz,129
884,Fri Feb 28 2020,Denver Nuggets,103,Los Angeles Clippers,132
885,Sat Feb 29 2020,Chicago Bulls,115,New York Knicks,125
886,Sat Feb 29 2020,Portland Trail Blazers,117,Atlanta Hawks,129
887,Sat Feb 29 2020,Brooklyn Nets,113,Miami Heat,116
888,Sat Feb 29 2020,Indiana Pacers,113,Cleveland Cavaliers,104
889,Sat Feb 29 2020,Los Angeles Lakers,88,Memphis Grizzlies,105
890,Sat Feb 29 2020,Houston Rockets,111,Boston Celtics,110
891,Sat Feb 29 2020,Orlando Magic,113,San Antonio Spurs,114
892,Sat Feb 29 2020,Golden State Warriors,115,Phoenix Suns,99
893,Sun Mar 1 2020,Milwaukee Bucks,93,Charlotte Hornets,85
894,Sun Mar 1 2020,Philadelphia 76ers,130,Los Angeles Clippers,136
895,Sun Mar 1 2020,Dallas Mavericks,111,Minnesota Timberwolves,91
896,Sun Mar 1 2020,Toronto Raptors,118,Denver Nuggets,133
897,Sun Mar 1 2020,Detroit Pistons,100,Sacramento Kings,106
898,Sun Mar 1 2020,Los Angeles Lakers,122,New Orleans Pelicans,114
899,Sun Mar 1 2020,Washington Wizards,124,Golden State Warriors,110
900,Mon Mar 2 2020,Utah Jazz,126,Cleveland Cavaliers,113
901,Mon Mar 2 2020,Houston Rockets,123,New York Knicks,125
902,Mon Mar 2 2020,Portland Trail Blazers,130,Orlando Magic,107
903,Mon Mar 2 2020,Memphis Grizzlies,127,Atlanta Hawks,88
904,Mon Mar 2 2020,Milwaukee Bucks,89,Miami Heat,105
905,Mon Mar 2 2020,Dallas Mavericks,107,Chicago Bulls,109
906,Mon Mar 2 2020,Indiana Pacers,116,San Antonio Spurs,111
907,Tue Mar 3 2020,San Antonio Spurs,104,Charlotte Hornets,103
908,Tue Mar 3 2020,Brooklyn Nets,129,Boston Celtics,120
909,Tue Mar 3 2020,Minnesota Timberwolves,139,New Orleans Pelicans,134
910,Tue Mar 3 2020,Los Angeles Clippers,109,Oklahoma City Thunder,94
911,Tue Mar 3 2020,Golden State Warriors,116,Denver Nuggets,100
912,Tue Mar 3 2020,Toronto Raptors,123,Phoenix Suns,114
913,Tue Mar 3 2020,Philadelphia 76ers,107,Los Angeles Lakers,120
914,Tue Mar 3 2020,Washington Wizards,126,Sacramento Kings,133
915,Wed Mar 4 2020,Boston Celtics,112,Cleveland Cavaliers,106
916,Wed Mar 4 2020,Oklahoma City Thunder,114,Detroit Pistons,107
917,Wed Mar 4 2020,Indiana Pacers,100,Milwaukee Bucks,119
918,Wed Mar 4 2020,Memphis Grizzlies,118,Brooklyn Nets,79
919,Wed Mar 4 2020,Utah Jazz,112,New York Knicks,104
920,Wed Mar 4 2020,Orlando Magic,113,Miami Heat,116
921,Wed Mar 4 2020,Chicago Bulls,108,Minnesota Timberwolves,115
922,Wed Mar 4 2020,New Orleans Pelicans,123,Dallas Mavericks,127
923,Wed Mar 4 2020,Washington Wizards,104,Portland Trail Blazers,125
924,Thu Mar 5 2020,Denver Nuggets,114,Charlotte Hornets,112
925,Thu Mar 5 2020,Los Angeles Clippers,120,Houston Rockets,105
926,Thu Mar 5 2020,Philadelphia 76ers,125,Sacramento Kings,108
927,Thu Mar 5 2020,Toronto Raptors,121,Golden State Warriors,113
928,Fri Mar 6 2020,Atlanta Hawks,112,Washington Wizards,118
929,Fri Mar 6 2020,San Antonio Spurs,120,Brooklyn Nets,139
930,Fri Mar 6 2020,Oklahoma City Thunder,126,New York Knicks,103
931,Fri Mar 6 2020,Indiana Pacers,108,Chicago Bulls,102
932,Fri Mar 6 2020,Orlando Magic,132,Minnesota Timberwolves,118
933,Fri Mar 6 2020,Miami Heat,104,New Orleans Pelicans,110
934,Fri Mar 6 2020,Utah Jazz,99,Boston Celtics,94
935,Fri Mar 6 2020,Memphis Grizzlies,96,Dallas Mavericks,121
936,Fri Mar 6 2020,Portland Trail Blazers,117,Phoenix Suns,127
937,Fri Mar 6 2020,Milwaukee Bucks,103,Los Angeles Lakers,113
938,Sat Mar 7 2020,Houston Rockets,99,Charlotte Hornets,108
939,Sat Mar 7 2020,Utah Jazz,111,Detroit Pistons,105
940,Sat Mar 7 2020,Denver Nuggets,102,Cleveland Cavaliers,104
941,Sat Mar 7 2020,Atlanta Hawks,101,Memphis Grizzlies,118
942,Sat Mar 7 2020,Philadelphia 76ers,114,Golden State Warriors,118
943,Sat Mar 7 2020,Sacramento Kings,123,Portland Trail Blazers,111
944,Sun Mar 8 2020,Chicago Bulls,107,Brooklyn Nets,110
945,Sun Mar 8 2020,New Orleans Pelicans,120,Minnesota Timberwolves,107
946,Sun Mar 8 2020,Los Angeles Lakers,112,Los Angeles Clippers,103
947,Sun Mar 8 2020,Oklahoma City Thunder,105,Boston Celtics,104
948,Sun Mar 8 2020,Milwaukee Bucks,131,Phoenix Suns,140
949,Sun Mar 8 2020,Miami Heat,100,Washington Wizards,89
950,Sun Mar 8 2020,Indiana Pacers,112,Dallas Mavericks,109
951,Sun Mar 8 2020,Orlando Magic,126,Houston Rockets,106
952,Sun Mar 8 2020,Detroit Pistons,84,New York Knicks,96
953,Sun Mar 8 2020,San Antonio Spurs,129,Cleveland Cavaliers,132
954,Sun Mar 8 2020,Toronto Raptors,118,Sacramento Kings,113
955,Mon Mar 9 2020,Charlotte Hornets,138,Atlanta Hawks,143
956,Mon Mar 9 2020,Milwaukee Bucks,95,Denver Nuggets,109
957,Mon Mar 9 2020,Toronto Raptors,101,Utah Jazz,92
958,Tue Mar 10 2020,New York Knicks,115,Washington Wizards,122
959,Tue Mar 10 2020,Boston Celtics,114,Indiana Pacers,111
960,Tue Mar 10 2020,Minnesota Timberwolves,111,Houston Rockets,117
961,Tue Mar 10 2020,Dallas Mavericks,109,San Antonio Spurs,119
962,Tue Mar 10 2020,Orlando Magic,120,Memphis Grizzlies,115
963,Tue Mar 10 2020,Cleveland Cavaliers,103,Chicago Bulls,108
964,Tue Mar 10 2020,Phoenix Suns,105,Portland Trail Blazers,121
965,Tue Mar 10 2020,Brooklyn Nets,104,Los Angeles Lakers,102
966,Tue Mar 10 2020,Los Angeles Clippers,131,Golden State Warriors,107
967,Wed Mar 11 2020,Detroit Pistons,106,Philadelphia 76ers,124
968,Wed Mar 11 2020,New York Knicks,136,Atlanta Hawks,131
969,Wed Mar 11 2020,Charlotte Hornets,109,Miami Heat,98
970,Wed Mar 11 2020,Denver Nuggets,97,Dallas Mavericks,113
971,Thu Jul 30 2020,Utah Jazz,106,New Orleans Pelicans,104
972,Thu Jul 30 2020,Los Angeles Clippers,101,Los Angeles Lakers,103
973,Fri Jul 31 2020,Orlando Magic,128,Brooklyn Nets,118
974,Fri Jul 31 2020,Memphis Grizzlies,135,Portland Trail Blazers,140
975,Fri Jul 31 2020,Phoenix Suns,125,Washington Wizards,112
976,Fri Jul 31 2020,Boston Celtics,112,Milwaukee Bucks,119
977,Fri Jul 31 2020,Sacramento Kings,120,San Antonio Spurs,129
978,Fri Jul 31 2020,Houston Rockets,153,Dallas Mavericks,149
979,Sat Aug 1 2020,Miami Heat,125,Denver Nuggets,105
980,Sat Aug 1 2020,Utah Jazz,94,Oklahoma City Thunder,110
981,Sat Aug 1 2020,New Orleans Pelicans,103,Los Angeles Clippers,126
982,Sat Aug 1 2020,Philadelphia 76ers,121,Indiana Pacers,127
983,Sat Aug 1 2020,Los Angeles Lakers,92,Toronto Raptors,107
984,Sun Aug 2 2020,Washington Wizards,110,Brooklyn Nets,118
985,Sun Aug 2 2020,Portland Trail Blazers,124,Boston Celtics,128
986,Sun Aug 2 2020,San Antonio Spurs,108,Memphis Grizzlies,106
987,Sun Aug 2 2020,Sacramento Kings,116,Orlando Magic,132
988,Sun Aug 2 2020,Milwaukee Bucks,116,Houston Rockets,120
989,Sun Aug 2 2020,Dallas Mavericks,115,Phoenix Suns,117
990,Mon Aug 3 2020,Toronto Raptors,107,Miami Heat,103
991,Mon Aug 3 2020,Denver Nuggets,121,Oklahoma City Thunder,113
992,Mon Aug 3 2020,Indiana Pacers,111,Washington Wizards,100
993,Mon Aug 3 2020,Memphis Grizzlies,99,New Orleans Pelicans,109
994,Mon Aug 3 2020,San Antonio Spurs,130,Philadelphia 76ers,132
995,Mon Aug 3 2020,Los Angeles Lakers,116,Utah Jazz,108
996,Tue Aug 4 2020,Brooklyn Nets,119,Milwaukee Bucks,116
997,Tue Aug 4 2020,Dallas Mavericks,114,Sacramento Kings,110
998,Tue Aug 4 2020,Phoenix Suns,117,Los Angeles Clippers,115
999,Tue Aug 4 2020,Orlando Magic,109,Indiana Pacers,120
1000,Tue Aug 4 2020,Boston Celtics,106,Miami Heat,112
1001,Tue Aug 4 2020,Houston Rockets,102,Portland Trail Blazers,110
1002,Wed Aug 5 2020,Memphis Grizzlies,115,Utah Jazz,124
1003,Wed Aug 5 2020,Denver Nuggets,132,San Antonio Spurs,126
1004,Wed Aug 5 2020,Philadelphia 76ers,107,Washington Wizards,98
1005,Wed Aug 5 2020,Oklahoma City Thunder,105,Los Angeles Lakers,86
1006,Wed Aug 5 2020,Toronto Raptors,109,Orlando Magic,99
1007,Wed Aug 5 2020,Brooklyn Nets,115,Boston Celtics,149
1008,Thu Aug 6 2020,New Orleans Pelicans,125,Sacramento Kings,140
1009,Thu Aug 6 2020,Miami Heat,116,Milwaukee Bucks,130
1010,Thu Aug 6 2020,Indiana Pacers,99,Phoenix Suns,114
1011,Thu Aug 6 2020,Los Angeles Clippers,126,Dallas Mavericks,111
1012,Thu Aug 6 2020,Portland Trail Blazers,125,Denver Nuggets,115
1013,Thu Aug 6 2020,Los Angeles Lakers,97,Houston Rockets,113
1014,Fri Aug 7 2020,Utah Jazz,111,San Antonio Spurs,119
1015,Fri Aug 7 2020,Oklahoma City Thunder,92,Memphis Grizzlies,121
1016,Fri Aug 7 2020,Sacramento Kings,106,Brooklyn Nets,119
1017,Fri Aug 7 2020,Orlando Magic,101,Philadelphia 76ers,108
1018,Fri Aug 7 2020,Washington Wizards,107,New Orleans Pelicans,118
1019,Fri Aug 7 2020,Boston Celtics,122,Toronto Raptors,100
1020,Sat Aug 8 2020,Los Angeles Clippers,122,Portland Trail Blazers,117
1021,Sat Aug 8 2020,Utah Jazz,132,Denver Nuggets,134
1022,Sat Aug 8 2020,Los Angeles Lakers,111,Indiana Pacers,116
1023,Sat Aug 8 2020,Phoenix Suns,119,Miami Heat,112
1024,Sat Aug 8 2020,Milwaukee Bucks,132,Dallas Mavericks,136
1025,Sun Aug 9 2020,Washington Wizards,103,Oklahoma City Thunder,121
1026,Sun Aug 9 2020,Memphis Grizzlies,99,Toronto Raptors,108
1027,Sun Aug 9 2020,San Antonio Spurs,122,New Orleans Pelicans,113
1028,Sun Aug 9 2020,Orlando Magic,119,Boston Celtics,122
1029,Sun Aug 9 2020,Philadelphia 76ers,121,Portland Trail Blazers,124
1030,Sun Aug 9 2020,Houston Rockets,129,Sacramento Kings,112
1031,Sun Aug 9 2020,Brooklyn Nets,129,Los Angeles Clippers,120
1032,Mon Aug 10 2020,Oklahoma City Thunder,101,Phoenix Suns,128
1033,Mon Aug 10 2020,Dallas Mavericks,122,Utah Jazz,114
1034,Mon Aug 10 2020,Toronto Raptors,114,Milwaukee Bucks,106
1035,Mon Aug 10 2020,Indiana Pacers,92,Miami Heat,114
1036,Mon Aug 10 2020,Denver Nuggets,121,Los Angeles Lakers,124
1037,Tue Aug 11 2020,Brooklyn Nets,108,Orlando Magic,96
1038,Tue Aug 11 2020,Houston Rockets,105,San Antonio Spurs,123
1039,Tue Aug 11 2020,Phoenix Suns,130,Philadelphia 76ers,117
1040,Tue Aug 11 2020,Boston Celtics,122,Memphis Grizzlies,107
1041,Tue Aug 11 2020,Portland Trail Blazers,134,Dallas Mavericks,131
1042,Tue Aug 11 2020,New Orleans Pelicans,106,Sacramento Kings,112
1043,Tue Aug 11 2020,Milwaukee Bucks,126,Washington Wizards,113
1044,Wed Aug 12 2020,Indiana Pacers,108,Houston Rockets,104
1045,Wed Aug 12 2020,Toronto Raptors,125,Philadelphia 76ers,121
1046,Wed Aug 12 2020,Miami Heat,115,Oklahoma City Thunder,116
1047,Wed Aug 12 2020,Los Angeles Clippers,124,Denver Nuggets,111
1048,Thu Aug 13 2020,Washington Wizards,96,Boston Celtics,90
1049,Thu Aug 13 2020,Sacramento Kings,136,Los Angeles Lakers,122
1050,Thu Aug 13 2020,Milwaukee Bucks,106,Memphis Grizzlies,119
1051,Thu Aug 13 2020,Dallas Mavericks,102,Phoenix Suns,128
1052,Thu Aug 13 2020,San Antonio Spurs,112,Utah Jazz,118
1053,Thu Aug 13 2020,Portland Trail Blazers,134,Brooklyn Nets,133
1054,Thu Aug 13 2020,New Orleans Pelicans,127,Orlando Magic,133
1055,Fri Aug 14 2020,Denver Nuggets,109,Toronto Raptors,117
1056,Fri Aug 14 2020,Miami Heat,92,Indiana Pacers,109
1057,Fri Aug 14 2020,Oklahoma City Thunder,103,Los Angeles Clippers,107
1058,Fri Aug 14 2020,Philadelphia 76ers,134,Houston Rockets,96
1059,Sat Aug 15 2020,Memphis Grizzlies,122,Portland Trail Blazers,126
1060,Mon Aug 17 2020,Utah Jazz,125,Denver Nuggets,135
1061,Mon Aug 17 2020,Brooklyn Nets,110,Toronto Raptors,134
1062,Mon Aug 17 2020,Philadelphia 76ers,101,Boston Celtics,109
1063,Mon Aug 17 2020,Dallas Mavericks,110,Los Angeles Clippers,118
1064,Tue Aug 18 2020,Orlando Magic,122,Milwaukee Bucks,110
1065,Tue Aug 18 2020,Miami Heat,113,Indiana Pacers,101
1066,Tue Aug 18 2020,Oklahoma City Thunder,108,Houston Rockets,123
1067,Tue Aug 18 2020,Portland Trail Blazers,100,Los Angeles Lakers,93
1068,Wed Aug 19 2020,Brooklyn Nets,99,Toronto Raptors,104
1069,Wed Aug 19 2020,Utah Jazz,124,Denver Nuggets,105
1070,Wed Aug 19 2020,Philadelphia 76ers,101,Boston Celtics,128
1071,Wed Aug 19 2020,Dallas Mavericks,127,Los Angeles Clippers,114
1072,Thu Aug 20 2020,Miami Heat,109,Indiana Pacers,100
1073,Thu Aug 20 2020,Oklahoma City Thunder,98,Houston Rockets,111
1074,Thu Aug 20 2020,Orlando Magic,96,Milwaukee Bucks,111
1075,Thu Aug 20 2020,Portland Trail Blazers,88,Los Angeles Lakers,111
1076,Fri Aug 21 2020,Toronto Raptors,117,Brooklyn Nets,92
1077,Fri Aug 21 2020,Denver Nuggets,87,Utah Jazz,124
1078,Fri Aug 21 2020,Boston Celtics,102,Philadelphia 76ers,94
1079,Fri Aug 21 2020,Los Angeles Clippers,130,Dallas Mavericks,122
1080,Sat Aug 22 2020,Milwaukee Bucks,121,Orlando Magic,107
1081,Sat Aug 22 2020,Indiana Pacers,115,Miami Heat,124
1082,Sat Aug 22 2020,Houston Rockets,107,Oklahoma City Thunder,119
1083,Sat Aug 22 2020,Los Angeles Lakers,116,Portland Trail Blazers,108
1084,Sun Aug 23 2020,Boston Celtics,110,Philadelphia 76ers,106
1085,Sun Aug 23 2020,Los Angeles Clippers,133,Dallas Mavericks,135
1086,Sun Aug 23 2020,Toronto Raptors,150,Brooklyn Nets,122
1087,Sun Aug 23 2020,Denver Nuggets,127,Utah Jazz,129
1088,Mon Aug 24 2020,Milwaukee Bucks,121,Orlando Magic,106
1089,Mon Aug 24 2020,Houston Rockets,114,Oklahoma City Thunder,117
1090,Mon Aug 24 2020,Indiana Pacers,87,Miami Heat,99
1091,Mon Aug 24 2020,Los Angeles Lakers,135,Portland Trail Blazers,115
1092,Tue Aug 25 2020,Utah Jazz,107,Denver Nuggets,117
1093,Tue Aug 25 2020,Dallas Mavericks,111,Los Angeles Clippers,154
1094,Sat Aug 29 2020,Orlando Magic,104,Milwaukee Bucks,118
1095,Sat Aug 29 2020,Oklahoma City Thunder,80,Houston Rockets,114
1096,Sat Aug 29 2020,Portland Trail Blazers,122,Los Angeles Lakers,131
1097,Sun Aug 30 2020,Boston Celtics,112,Toronto Raptors,94
1098,Sun Aug 30 2020,Los Angeles Clippers,111,Dallas Mavericks,97
1099,Sun Aug 30 2020,Denver Nuggets,119,Utah Jazz,107
1100,Mon Aug 31 2020,Miami Heat,115,Milwaukee Bucks,104
1101,Mon Aug 31 2020,Houston Rockets,100,Oklahoma City Thunder,104
1102,Tue Sep 1 2020,Boston Celtics,102,Toronto Raptors,99
1103,Tue Sep 1 2020,Utah Jazz,78,Denver Nuggets,80
1104,Wed Sep 2 2020,Miami Heat,116,Milwaukee Bucks,114
1105,Wed Sep 2 2020,Oklahoma City Thunder,102,Houston Rockets,104
1106,Thu Sep 3 2020,Toronto Raptors,104,Boston Celtics,103
1107,Thu Sep 3 2020,Denver Nuggets,97,Los Angeles Clippers,120
1108,Fri Sep 4 2020,Milwaukee Bucks,100,Miami Heat,115
1109,Fri Sep 4 2020,Houston Rockets,112,Los Angeles Lakers,97
1110,Sat Sep 5 2020,Toronto Raptors,100,Boston Celtics,93
1111,Sat Sep 5 2020,Denver Nuggets,110,Los Angeles Clippers,101
1112,Sun Sep 6 2020,Milwaukee Bucks,118,Miami Heat,115
1113,Sun Sep 6 2020,Houston Rockets,109,Los Angeles Lakers,117
1114,Mon Sep 7 2020,Boston Celtics,111,Toronto Raptors,89
1115,Mon Sep 7 2020,Los Angeles Clippers,113,Denver Nuggets,107
1116,Tue Sep 8 2020,Miami Heat,103,Milwaukee Bucks,94
1117,Tue Sep 8 2020,Los Angeles Lakers,112,Houston Rockets,102
1118,Wed Sep 9 2020,Toronto Raptors,125,Boston Celtics,122
1119,Wed Sep 9 2020,Los Angeles Clippers,96,Denver Nuggets,85
1120,Thu Sep 10 2020,Los Angeles Lakers,110,Houston Rockets,100
1121,Fri Sep 11 2020,Denver Nuggets,111,Los Angeles Clippers,105
1122,Fri Sep 11 2020,Boston Celtics,92,Toronto Raptors,87
1123,Sat Sep 12 2020,Houston Rockets,96,Los Angeles Lakers,119
1124,Sun Sep 13 2020,Los Angeles Clippers,98,Denver Nuggets,111
1125,Tue Sep 15 2020,Miami Heat,117,Boston Celtics,114
1126,Tue Sep 15 2020,Denver Nuggets,104,Los Angeles Clippers,89
1127,Thu Sep 17 2020,Miami Heat,106,Boston Celtics,101
1128,Fri Sep 18 2020,Denver Nuggets,114,Los Angeles Lakers,126
1129,Sat Sep 19 2020,Boston Celtics,117,Miami Heat,106
1130,Sun Sep 20 2020,Denver Nuggets,103,Los Angeles Lakers,105
1131,Tue Sep 22 2020,Los Angeles Lakers,106,Denver Nuggets,114
1132,Wed Sep 23 2020,Boston Celtics,109,Miami Heat,112
1133,Thu Sep 24 2020,Los Angeles Lakers,114,Denver Nuggets,108
1134,Fri Sep 25 2020,Miami Heat,108,Boston Celtics,121
1135,Sat Sep 26 2020,Denver Nuggets,107,Los Angeles Lakers,117
1136,Sun Sep 27 2020,Boston Celtics,113,Miami Heat,125
1137,Wed Sep 30 2020,Miami Heat,98,Los Angeles Lakers,116
1138,Fri Oct 2 2020,Miami Heat,114,Los Angeles Lakers,124
1139,Sun Oct 4 2020,Los Angeles Lakers,104,Miami Heat,115
1140,Tue Oct 6 2020,Los Angeles Lakers,102,Miami Heat,96
1141,Fri Oct 9 2020,Miami Heat,111,Los Angeles Lakers,108
1142,Sun Oct 11 2020,Los Angeles Lakers,106,Miami Heat,93
